0,1
488,CN(C)C(=O)c1cc2cnc(Nc3ccc(N4C[C@@H]5CC[C@H](CC4=O)N5)cn3)nc2n1C1CCCCC1
434,c1ccc2c(-c3cnn4cc(-c5ccc(N6CCNCC6)nc5)cnc34)ccnc2c1
625,C[C@H](O)C(=O)N1CCC(Oc2ccc(-c3ncnc(Nc4ccc(N5CCN(C6COC6)CC5)cc4)n3)cc2C#N)CC1
527,COC(=O)c1cccc(O)c1C(=O)c1c(O)cc(C(=O)O[C@@H]2CCC[C@H]2Cc2ccc(O)cc2)cc1O
160,CNC1=C(C(=N)C2CC2)C(=O)N(c2cc(C)c3nnc(C)n3c2)C1c1ccc(Cl)cc1
512,CN(C)C(=O)COC(=O)Cc1ccc(OC(=O)c2ccc(N=C(N)N)cc2)cc1
656,C/C=C/CC(C)C(O)C1C(=O)NC(CC)C(=O)N(C)C(C)C(=O)N(CC)C(C(C)C)C(=O)NC(C(C)C)C(=O)N(C)C(CC(C)C)C(=O)NC(C)C(=O)NC(C)C(=O)N(C)C(CC(C)C)C(=O)N(C)C(CC(C)C)C(=O)N(C)C(C(C)C)C(=O)N1C
478,CCC(=O)NC(C)C#Cc1cnc(Oc2ccc(OC(C)C)cc2)s1
305,N#CC(C#N)=C1C(=O)N(Cc2ccc(OCCF)cc2)c2ccc(S(=O)(=O)N3CC[C@H]3COc3cccnc3)cc21
643,N=C(N)NC(=O)c1ccc(C2CCN(C(=O)c3ccc(C(N)=O)cc3)CC2)c(C(F)(F)F)c1
442,CN[C@@H](C)C(=O)Nc1ccc(-c2c(-c3ccc(C)nc3)nc3cc(C)ccn23)c(C#Cc2ccc3c(C)nccc3c2)n1
536,CNCc1cc(C(N)=O)ccc1Oc1ccc(Cl)cc1OC
299,COC[C@@]12SC(N)=N[C@](C)(c3cc(/C=C(\F)c4ccc(C#N)cn4)ccc3F)[C@@H]1C2(F)F
455,C[C@@H](Oc1cc(-c2ccc3c(c2)c(N)nn3C)cc2nn(C)cc12)[C@H]1CNC(=O)C1
574,COc1cc(CNC(=O)CCCC/C=C/C(C)C)ccc1O
615,CC(C)(O)c1cncc(-n2ncc3c(C(F)(F)F)cccc32)c1
377,Cc1ccc(Nc2nccc3ccc(NC(=O)CCCCCCC(=O)NO)cc23)cc1
452,CC12CCC(C(NC(=O)[C@@H](CC3CCCCC3)NC(=O)N[C@@H](CCCCN)C(=O)O)C1)C2(C)C
738,O=C(NCc1ccccc1OC(F)(F)F)N1CCC(Oc2ncccn2)CC1
717,NNCc1ccc(C(=O)Nc2ccc(Cl)cc2C(=O)Nc2ccc(Cl)cn2)cc1
495,Cc1noc(NS(=O)(=O)c2ccsc2C(=O)Nc2cc3c(cc2C#N)OCO3)c1Cl
529,CCCS(=O)(=O)N1CCC(CCOC)(CNC(=O)c2ccc(Cl)cc2Cl)CC1
358,Cc1ccccc1C(=O)N[C@H](CO)C(=O)N[C@@H](C)C(=O)NC(Cc1ccc(N=C(N)N)cc1)P(=O)(Oc1ccccc1)Oc1ccccc1
737,COc1ccc([C@]2(O)CC[C@H](N3CC(NC(=O)CNC(=O)c4cccc(C(F)(F)F)c4)C3)CC2)cn1
417,CN[C@@H](C)C(=O)N[C@H]1CN(C(=O)c2cccc(C(=O)N3C[C@H](NC(=O)[C@H](C)NC)C(=O)N(Cc4c(OC)ccc5cc(Br)ccc45)c4ccccc43)n2)c2ccccc2N(Cc2c(OC)ccc3cc(Br)ccc23)C1=O
817,Cc1cn2c(-c3cn[nH]c3)cnc2c(Nc2ccc(C(=O)N3CCNCC3(C)C)cc2F)n1
406,CN(C)C(=O)[C@@H](c1ccc(-c2ccc3nncn3c2)cc1)[C@H]([NH3+])C(=O)N1CC[C@H](F)C1
520,CN(C)C(=O)[C@@H](C1CCC(N(C)C(=O)c2cccc(F)c2)CC1)[C@H]([NH3+])C(=O)N1CC[C@H](F)C1
590,Cc1c(CCOCCO)cc(-c2ccc(S(C)(=O)=O)cc2)n1-c1ccc(F)cc1
631,NC(=O)c1cccc(O[C@H]2C[C@@H]3CC[C@H](C2)N3Cc2ccncc2)c1
602,C[C@@H](c1ccc(OC(F)F)cc1)N1CC[C@](CCO)(c2ccc(F)cc2)OC1=O
596,COc1cc(-c2cc(C)cc(Cl)c2)c(C#N)cc1-c1nccc2cc(S(=O)(=O)Nc3ccncn3)ccc12
772,N#Cc1cnc2c(Nc3ccc(Cl)c([C@@]4(C(F)F)N=C(N)O[C@@H]5C[C@@H]54)c3)ncc(F)c2c1
542,CN(C)S(=O)(=O)Nc1ccc2ccc3ncc(-c4cnn(C)c4)cc3c(=O)c2c1
702,CN[C@@H](C)C(=O)N[C@@H]1C(=O)N(Cc2c(C)ccc3ccccc23)c2ccc(C#N)cc2N(C(C)=O)[C@H]1C
780,CC[C@H](Nc1ncnc2[nH]ccc12)c1nc2cccc(F)c2c(=O)n1-c1cccc(CC(F)(F)F)c1
587,N#Cc1ccnc(N2CCC(C(=O)N3CC[C@H](N[C@H]4CC[C@@](O)(c5ccc(-c6ncccn6)cn5)CC4)C3)CC2)c1
368,CN(Cc1coc2nc(N)nc(N)c12)c1ccc(C(=O)NC(CCC(=O)O)C(=O)O)cc1
493,Cc1n[nH]c2cc(N(C)c3ccnc(Nc4cccc(S(N)(=O)=O)c4)n3)ccc12
403,O=C(CNc1ccnc2ccc(C(F)(F)F)cc12)NC1CN([C@H]2CC[C@@](O)(c3cncs3)CC2)C1
790,CCOc1ccc(Cc2cc3c(cc2Cl)CO[C@]32O[C@H](CO)[C@@H](O)[C@H](O)[C@H]2O)cc1Cl
794,Cc1cc(-c2[nH]c3ccc(C4CCN(C(=O)C5CC(=O)N(C)C5)CC4)cc3c2C(C)C)cn2ncnc12
513,N#Cc1ccc(OC(=O)c2ccc(N=C(N)N)cc2)cc1
370,CC(C)(NCCCc1cc(-c2cccc(C(F)(F)F)c2)nc(C#N)n1)C(N)=O
394,CNC(=O)Oc1ccc2c(c1)[C@]1(C)CCN(C)[C@@H]1N2C
569,O=C(N[C@@H]1C[C@@H](O)C[C@H]1OC(=O)c1cc(O)c(C(=O)c2c(O)cccc2C(=O)O)c(O)c1)c1ccc(O)cc1
823,Cc1cc(CCC2CCN(S(=O)(=O)C[C@](C)(C[C@H](C)c3ncc(F)cn3)N(O)C=O)CC2)n(C)n1
294,CNC(=O)N1CCc2c(c(Nc3cc(C(F)F)c(-c4cnn(C)c4)cc3F)nn2C2CCOCC2)C1
408,CN(C)C(=O)[C@@H](c1ccc(-c2ccc3ncnn3c2)cc1)[C@H]([NH3+])C(=O)N1CC(F)C1
485,N#Cc1coc(C(=O)CCCCCCc2ccccc2)n1
533,Cc1nc(C)c(Cn2c(=O)n(Cc3cnn(C)c3)c(=O)c3cc(S(=O)(=O)NC4(CF)CC4)ccc32)s1
703,Cc1nc2n(c(=O)c1CCN1CCC(c3noc4cc(F)ccc34)CC1)CCCC2O
680,CCOC(=O)N1CCC(Nc2cc(OC)ccn2)CC1
712,O=C(NCC(=O)N1CC[C@H](N[C@H]2CC[C@@](O)(c3ccc(-c4nccs4)cn3)CC2)C1)c1cccc(C(F)(F)F)c1
293,CCC(=O)N(Cc1ccc(S(C)(=O)=O)cc1)c1cc(F)cc(-c2nnn[nH]2)c1
418,COc1ccc(CNC(=O)c2cc(C3NC(=O)NC(C)=C3C(=O)Nc3ccc4[nH]ncc4c3)ccc2F)cc1
362,CC(C)(CC(O)(Cc1cc2cc(S(C)(=O)=O)ncc2[nH]1)C(F)(F)F)c1ccccc1C(N)=O
621,Cc1oc([C@@H](Cc2cn(C)c3ccccc23)NC(=O)[C@H](CC(C)C)OC(=O)NC2CCCCC2)nc1C(=O)O
458,CCCCNc1ncc(-c2cc(Nc3cccc(C(C)(C)C)c3)ncn2)c(N[C@H]2CC[C@H](O)CC2)n1
750,CCNC(=O)[C@@H]1C[C@@H](NC(=O)c2cc(CC)nn2C)CN1C(=O)c1coc2ccccc12
578,CN1CCc2c(n(CCCCCCCCCn3c4c(c5ccccc53)CCN(C)C4)c3ccccc23)C1
504,CCCCCCNC(=O)Oc1ccc(C(=O)OC)cc1I
665,COc1ccc(C(=O)NCCO)cc1Nc1nccc(Oc2ccc(NC(=O)Nc3cc(C(C)(C)C)nn3-c3ccc(C)cc3)c3ccccc23)n1
460,CC(C)(O)[C@H]1CC[C@H](Nc2ccc3ncc(-c4cccc(C(F)(F)F)c4)n3n2)CC1
550,COCC(CS(=O)(=O)c1ccc(Oc2ccc(OC(F)(F)F)cc2)cc1)N(O)C=O
347,CC(C)(C)NC(=O)c1c[nH]c2ncc(-c3n[nH]c4ccc(OC(F)F)cc34)nc12
471,COc1cc(-c2nn(C3CCN(C4CCOCC4)CC3)c3ncnc(N)c23)ccc1NC(=O)c1ccc(N(C)C)cc1
581,CC(C)[C@@H](NS(=O)(=O)c1ccc(-c2ccc(Br)cc2)cc1)C(=O)O
431,CC(C)CCNc1nccc(-c2cccnc2Oc2ccc(Nc3nc4ccccc4[nH]3)c3ccccc23)n1
205,CN[C@@H](C)C(=O)N[C@H]1CN(C(=O)c2ccc(C(=O)NCC3CCCCC3)cc2)c2ccccc2N(Cc2c(OC)ccc3cc(Br)ccc23)C1=O
502,N#Cc1ccc(OCC(=O)NN=Cc2sc(Nc3ccccc3)nc2Cl)cc1
559,Cc1cc(OC(F)F)cnc1C(=O)Nc1ccc(F)c([C@@]2(C)N=C(N)C3(CC3)S(=O)(=O)[C@H]2F)c1
644,CC1(C)CN(C(=O)C[C@H](N)Cc2cc(F)c(F)cc2F)Cc2nnc(C(F)(F)F)n21
777,COc1ccc(NS(=O)(=O)c2ccc(Br)cc2)cc1N1CCN(C)CC1
384,CC(C)(NCc1cc([C@]2(C)CCSC(N)=N2)c(F)cc1F)C(F)(F)F
608,C[C@@H](c1ccccc1)N1CCC(Oc2ccc(S(=O)(=O)Nc3ncns3)cc2Cl)CC1
749,CCc1cc(C(=O)N[C@@H]2C[C@@H](C(N)=O)N(C(=O)c3coc4ccccc34)C2)n(CC)n1
304,CC(=O)N[C@@](C)(C(=O)N1CC[C@H]1C(=O)N[C@H](C=O)CCCNC(=N)N)c1ccccc1
742,N#C[C@@H]1CCCN1C(=O)[C@@H](N)C1CCCCC1
641,CC(C)C(=O)N1CCC(c2ccc(C(=O)NC(=N)N)cc2C(F)(F)F)CC1
295,CC(C)NC(=O)Cn1c(-c2ccc(F)c(C(F)(F)F)c2)cn2nc(OCCCN3CCCCC3)cc2c1=O
505,CC(C)(CC(O)(Cc1cc2cc(S(C)(=O)=O)ncc2[nH]1)C(F)(F)F)c1ccccc1S(C)(=O)=O
450,NCC(=O)N1CCC[C@H]1B(O)O
628,CN(C)C(c1ccccc1)n1nc(COC(C)(C)C(=O)O)cc1-c1cccc(OC2CC2)c1
343,CC(C)(Oc1ccc(C#N)cn1)C(=O)N[C@H]1C2CCCC1C[C@H](C(N)=O)C2
637,CNC(=O)c1ccc(Nc2nccc(-c3cnc(C)n3C(C)C)n2)cc1F
324,N#CCc1ccc2cc(Br)c(C(F)(F)P(=O)(O)O)cc2c1
693,COc1ccc(C(C)=O)cc1CSc1nc2cc(F)ccc2n1CC(=O)O
395,NC[C@H]1CC[C@H](C(=O)N2C[C@@H](N3CCN(S(=O)(=O)C4CC4)CC3)C[C@H]2C(=O)Nc2ccc(C(=O)O)cc2)CC1
731,CCc1nnc2ccc(N3CC[C@H](c4cc(F)c(F)cc4F)[C@@H]([NH3+])C3)nn12
515,Cc1cc(Nc2cnc(C#N)c(N[C@@H](C)c3ccc(F)cn3)n2)[nH]n1
639,CCN[C@@H](CC)C(=O)NC1C(=O)N(Cc2c(OC)ccc3cc(Br)ccc23)c2ccccc2N(c2ccccc2)C1=O
332,CC(C)(C)CNc1nc(C#N)nc(N2CCOCC2)c1N
544,CC(=O)c1ccc(C(=O)N2C[C@H](NC(=O)[C@H](C)N)C(=O)N(Cc3c(C)ccc4ccccc34)c3ccccc32)cc1
642,C[C@H](O)C(=O)N1CCC(Oc2ccc(-c3ncnc(Nc4ccc(C5CCN(C6COC6)CC5)cc4)n3)cc2C#N)CC1
741,CS(=O)(=O)Nc1cccc([C@H](c2ccc(F)cc2)C(c2cccnc2)c2cccnc2)n1
326,C=CC(=O)Nc1ccc(S(=O)(=O)N2CCN(C(=O)OCc3cc(F)cc(F)c3)CC2)cc1
441,CN[C@@H](C)C(=O)Nc1ccc(-c2c(-c3cnc(C)nc3)nc3cc(C)ccn23)c(C#Cc2ccc3c(ccc(=O)n3C)c2)n1
353,CCCS(=O)(=O)N1CCC(c2ccccn2)([C@H](C)NC(=O)c2ccc(Cl)cc2Cl)CC1
436,CC(C)(Oc1ccc(Cl)cc1)C(=O)N[C@H]1C2CCCC1C[C@@H](C(N)=O)C2
620,O=C(C[C@@H](Cc1ccccc1)C(=O)N1CCCC[C@H]1C(=O)O)NO
655,CCCCN(CCCC)C(=O)[C@@H]1OC(C(=O)O)=C[C@H](N=C(N)N)[C@H]1NC(C)=O
440,CN[C@@H](C)C(=O)Nc1ccc(-c2c(-c3cnn(C)c3)nc3cc(C)ccn23)c(C#Cc2ccc3c(C)nccc3c2)n1
806,CC(C)(C)n1cc(Nc2ncnc(-c3ccc(O[C@H]4CCN(C(=O)CC#N)C[C@H]4F)c(C#N)c3)n2)cn1
421,CN[C@@H](C)C(=O)N[C@H]1CN(C(=O)CC2CCOCC2)c2ccccc2N(Cc2c(OC)ccc3c(Br)cccc23)C1=O
808,NC(=O)C1CCN(Cc2ccc(C(=O)Nc3ccc(Cl)cc3C(=O)Nc3ccc(Cl)cn3)cc2)CC1
320,CC(C)N(C)[C@@H]1CC[C@H](N2CC[C@H](NC(=O)c3cccc(C(F)(F)F)c3)C2=O)[C@H](CS(=O)(=O)C(C)(C)C)C1
427,CCCCCCNC(=O)Oc1ccc(C(=O)OC)cc1C
349,Cc1cc2c(NC(=O)N[C@@H]3CC(C)(C)Oc4cc(F)ccc43)cccc2cn1
342,O=C(N[C@@H]1C[C@H](CO)C[C@H]1OC(=O)c1cc(O)c(C(=O)c2c(O)cccc2C(=O)O)c(O)c1)c1ccc(O)cc1
630,COc1cc2c(Nc3ccc(Cl)c(Cl)c3)ncnc2cc1OCC1CN(CCCc2ccccc2)CCO1
422,CN[C@@H](C)C(=O)N[C@@H]1C(=O)N(Cc2c(OC)ccc3ccccc23)c2ccc(C#N)cc2N(C(=O)C2CCOCC2)[C@H]1C
785,CC1(C)Cc2c(ccc3[nH]ncc23)[C@@H](c2ccc(NC3CN(CCCF)C3)cn2)N1CC(F)F
463,CCOc1ccc(C[C@H]2NC(=O)CCSSC[C@@H](C(=O)N3CCC[C@H]3C(=O)N[C@@H](CCCN)C(=O)NCC(N)=O)NC(=O)[C@H](CC(N)=O)NC(=O)[C@H]([C@@H](C)O)NC(=O)[C@H]([C@@H](C)CC)NC2=O)cc1
670,CNCCN(C)Cc1cn[nH]c1-c1cc(OC(CO)CC(C)C)cc(C(F)(F)F)c1
537,CCC1(CC)C[C@@H](NC(=O)Nc2cccc3cnc(C)cc23)c2cc(F)ccc2O1
360,CCS(=O)(=O)c1cc2cc(CC(O)(CC(C)(C)c3ccc(F)cc3C(N)=O)C(F)(F)F)[nH]c2cn1
654,Cc1ccc(-c2c(C)c(CNC3CCC(F)(F)C3)nn2-c2ncccc2Cl)cn1
583,N#Cc1ccccc1C(=O)N1CCC(c2ccc(C(=O)NC(=N)N)cc2C(F)(F)F)CC1
415,O=C(/C=C/c1ccc2c(c1)CN(S(=O)(=O)c1cccs1)C2)NO
767,CC(C)c1cnc(-c2cc(Cl)ccc2F)cc1Nc1ccncc1C(=O)NCCNC(=O)OC(C)(C)C
604,CN[C@@H](C)C(=O)N[C@@H]1C(=O)N(Cc2c(C3CC3)cnc3ccccc23)c2ccccc2N(C(C)=O)[C@H]1C
500,CCCCn1c(=O)sn(CC)c1=O
44,C[C@]1(c2cc(/C=C(\F)c3ccc(Cl)cn3)ccc2F)N=C(N)S[C@@]2(C(=O)Nc3ccccc3)C[C@H]21
297,CC(C)C[C@H](NC(=O)[C@H](Cc1c(F)c(F)c(F)c(F)c1F)NC(=O)[C@H](Cc1ccccc1)NC(=O)[C@H](Cc1ccccc1)N=[N+]=[N-])C(=O)[C@@]1(C)CO1
807,C[C@H](O)C(=O)N1CCC[C@H](Oc2ccc(-c3ncnc(Nc4ccc(N5CCN(C6COC6)CC5)cc4)n3)cc2C#N)C1
676,Nc1ccccc1NC(=O)c1ccc(CNC(=O)OCc2cccnc2)cc1
650,CN(C)C(=O)[C@@H](c1ccc(-c2ccn3nccc3n2)cc1)[C@H]([NH3+])C(=O)N1CCC(F)(F)C1
658,N#Cc1ccc2c(c1)CCN(S(=O)(=O)c1cccc(C(=O)O)c1)C2
437,CC(O)(CS(=O)(=O)c1ccc(F)cc1)C(=O)Nc1ccc(C#N)c(C(F)(F)F)c1
543,CC(C)CN1[C@H](C)Cc2cc(O)ccc2[C@H]1c1ccc(/C=C/C(=O)O)cc1
763,CC(=O)N1C[C@@H](NC(=O)/C=C/c2ccccc2)C[C@H]1C(=O)NO
636,CC(C)[C@H](CO)Nc1nc(Nc2ccc(C(=O)O)c(Cl)c2)c2ncn(C(C)C)c2n1
328,C=CC(=O)Nc1ccc(S(=O)(=O)N2CCN(C(=O)OCc3cccc(F)c3F)CC2)cc1
747,O=C(O)c1cccc(S(=O)(=O)N2CCc3ccc(F)cc3C2)c1
770,NC1=N[C@](CF)(c2cc(Nc3nccc4cc(Cl)cnc34)ccc2F)C[C@@H](C(F)(F)F)O1
409,Cc1ccc(C)c(S(=O)(=O)Nc2onc(C)c2Br)c1
768,CC1(C)Oc2cccc(CN3CCC4(CC3)CCN(C(=O)c3ccnc(N)c3)CC4)c2O1
760,CS(=O)(=O)NCCC(NC(=O)C1(N)CCN(c2ncnc3[nH]ccc23)CC1)c1ccc(Cl)cc1
651,c1cc(-c2cnn3cc(-c4ccc(OCCN5CCNCC5)nc4)cnc23)c2cccnc2c1
813,Cn1cc(/C=C2\Oc3cccc(O)c3C2=O)c2c(-c3ccc(C(=O)NCCO)cc3)ccnc21
762,CCN(CC)CCc1ccc(OC2Cc3cc(OC)c(OC)cc3C2=O)cc1
726,CC1(C)C(N)=N[C@](C)(c2cc(Nc3nccc4cc(Cl)cnc34)cc(F)c2F)CS1(=O)=O
812,Cc1cc(Nc2nc(N[C@@H](C)c3ccc(F)cn3)c(C#N)nc2C)[nH]n1
286,Cn1c2c(c(=O)n1-c1ccccc1C(F)(F)F)[C@H]1CC[C@]2(C)C1(C)C
420,CN[C@@H](C)C(=O)N[C@H]1CN(C(=O)C2CCOCC2)c2cc(C(F)(F)F)ccc2N(Cc2c(C3CC3)cnc3ccccc23)C1=O
746,CC(C)(C)NC(=O)N[C@H](C(=O)N1C[C@H]2[C@@H]([C@H]1C(=O)NC(CC1CCC1)C(=O)C(N)=O)C2(C)C)C(C)(C)C
479,O=C(OCc1ccccc1)C(Cc1ccc(C(F)(F)P(=O)(O)O)cc1)(Cc1ccc(C(F)(F)P(=O)(O)O)cc1)C(=O)OCc1ccccc1
740,CC#CCOc1ccc(S(=O)(=O)N[C@H](Cc2cn(Cc3ccc(OC)cc3)c3ccccc23)C(=O)O)cc1
766,CNCc1cc(C(=O)N(C)C)ccc1Oc1ccc(Cl)cc1OC
314,COc1ccc(OC)c(S(=O)(=O)N2CCC(N(Cc3ccc4ccc(C(=N)N)cc4c3)S(=O)(=O)CC(=O)O)CC2)c1
466,CN[C@@H](C)C(=O)N[C@@H]1C(=O)N(Cc2nn(-c3ccccc3C#N)c3ccccc23)c2ccccc2N(C(=O)C2CCOCC2)[C@H]1C
678,CC(=O)N(O)C/C=C/c1cccc(Oc2ccccc2)c1
538,C=CCCC(=O)O[C@H](C)[C@@H]1CN(C(=O)CCC=C)C1=O
744,Cc1cccnc1-c1c(-c2ccccn2)c([C@H](C)Nc2ncnc(N)c2C#N)nc2ccc(F)cc12
681,COc1ccnc(NC2CCN(C(=O)c3ccc(C#N)nc3)CC2)c1
556,CSc1ccc(OC(C)(C)C2OCC(C/C=C\CCC(=O)O)C(c3cccnc3)O2)cc1
375,O=C(NC1CN2CCC(CC2)[C@@H]1OC(=O)c1cc(O)c(C(=O)c2c(O)cccc2C(=O)O)c(O)c1)c1ccc(O)cc1
572,Cc1cc(-c2[nH]c3ccc(C4CCN(C(=O)CN5CCS(=O)(=O)CC5)CC4)cc3c2C(C)C)cn2ncnc12
796,CCN1CCC(Nc2ccc3c(c2)C(=C(c2ccc(C)cc2)c2nc4ccccc4[nH]2)C(=O)N3)CC1
374,Cc1nc(CN[C@H]2CC[C@@H](F)C2)c(C(C)C)n1-c1cc(F)cc(F)c1
761,C[C@H](O)C(=O)N1CC[C@H](Oc2ccc(-c3ncnc(Nc4ccc(N5CCN(C6COC6)CC5)cc4)n3)cc2C#N)C(F)(F)C1
809,CN[C@@H](C)C(=O)N[C@H]1CN(C(=O)C2CCOCC2)c2cc(C#N)ccc2N(Cc2nn(-c3ccccc3C#N)c3ccccc23)C1=O
638,OC1CCC(Nc2nc(Nc3ccccn3)ncc2-c2ccccn2)CC1
668,CC(C)(C)c1noc([C@@H]2CCCN2C(=O)C[C@H](N)Cc2cc(F)c(F)cc2F)n1
759,[2H]C([2H])([2H])Oc1cc(C(O)CN2CCN(C[C@H](O)c3ccc4c(c3C)COC4=O)CC2)ncc1C#N
755,CC(C)C(=O)N(Cc1ccc(Cl)cc1Cl)[C@H]1CCNC1
315,CN(C)C(=O)c1ccc(S(=O)(=O)c2ccc(NC(=O)[C@@](C)(O)C(F)(F)F)c(Cl)c2)cc1
336,CC1(C)C(N)=N[C@](C)(c2cc(Nc3nccc4cc(Cl)cnc34)ccc2F)[C@@H](F)S1(=O)=O
611,O[C@]1(c2ccc(F)c(F)c2)CCNC[C@@H]1c1onc(-c2cccc3ccccc23)c1Br
523,CC1(C)C(N)=N[C@](C)(c2cc(NC(=O)c3ccc(Cl)cc3F)ccc2F)CS1(=O)=O
303,CCCN1C(=O)[C@H](CS)NC(=O)[C@@H]1Cc1ccc([N+](=O)[O-])cc1
552,COc1ccc(S(=O)(=O)N2CCS(=O)(=O)CC2C(=O)NO)cc1
601,O=C(Cc1nc(N2CCOCC2)cc(=O)[nH]1)N1CCc2c(F)cccc21
576,O=C(c1ccc(C(=O)N2CCC(N3CCCC3)CC2)c2ccccc12)N1CCC(N2CCCC2)CC1
433,c1cc(-c2cnn3cc(-c4ccc(O[C@@H]5CCNC5)cn4)cnc23)c2cccnc2c1
80,CNC(=O)[C@]12C[C@H]1[C@@](C)(c1cc(/C=C(\F)c3ccc(C(F)(F)F)cn3)ccc1F)N=C(N)S2
791,C[C@](NC(=O)C(F)(F)F)(C(=O)N1CC[C@H]1C(=O)N[C@H](C=O)CCCN=C(N)N)c1ccccc1
333,O=C(/C=C/c1ccc2c(c1)CN(CCc1c[nH]c3ccccc13)C2)NO
475,O[C@]1(c2ccc(F)c(F)c2)CCNC[C@@H]1c1onc(-c2c(Cl)cccc2Cl)c1Br
389,COC(=O)[C@@H]1C[C@@H](OS(=O)(=O)c2ccc(C)cc2)CN1S(=O)(=O)c1ccccc1
551,COc1ccccc1CC(c1ccccc1)N1CCNCC1
548,FC(F)(F)Oc1ccccc1CC(c1ccccc1)N1CCNCC1
383,CC(C)(C)NCC1(O)CCN(c2nc(Oc3cccc(F)c3)cc(C(F)(F)F)n2)CC1
517,CC1(C)CNCCN1C(=O)c1ccc(Nc2nc(C3CC3)cn3c(-c4cn[nH]c4)cnc23)c(F)c1
545,CN[C@@H](C)C(=O)N[C@H]1CN(C(=O)c2cccc3[nH]ncc23)c2ccccc2N(Cc2c(C)ccc3ccccc23)C1=O
733,C=CC(=O)N1CCC[C@@H](n2nc(-c3ccc(C(F)(F)F)cc3)c3c(N)ncnc32)C1
472,CONC(=O)c1cn(-c2ccc3c(c2)CCC3)c2nc(Nc3ccc(CCN4CCN(C)CC4)cc3)ncc2c1=O
340,COc1ccnc(-c2cnc(C(=O)CCCCCCc3ccccc3)o2)c1
462,CC[C@@H](C)[C@@H]1NC(=O)[C@@H](Cc2c[nH]c3ccccc23)NC(=O)[C@@H]2CCCN2C(=O)[C@@H](Cc2cnc[nH]2)N(C)C(=O)[C@@H]2CCCCN2C(=O)[C@H]2CCCCN2C1=O
382,Cc1nc(NC(=O)C(C)(C)CC(F)(F)F)sc1-c1ccc(N)nc1
705,O=C(c1ccc(F)cc1)C1CCN(CC(=O)N(CCF)Cc2nc3c(c(=O)[nH]2)COCC3)CC1
627,CC(C)(O)[C@H]1CC[C@H](Nc2ccc3ncc(-c4cccc(OC(F)(F)F)c4)n3n2)CC1
541,C[C@@H](Oc1cc(-c2ccc3c(cnn3C)c2)cc2nn(C)cc12)[C@H]1CNC(=O)C1
290,O=C(N[C@H]1C[C@H](O)C[C@H]1OC(=O)c1cc(O)c(C(=O)c2c(O)cccc2C(=O)O)c(O)c1)c1ccc(O)cc1
439,CN[C@@H](C)C(=O)Nc1ccc(-c2c(-c3cnc(C)nc3)nc3cc(C)ccn23)c(C#Cc2ccc3c(C)nccc3c2)n1
470,COc1cc(N2CCN(CC(=O)N(C)C)CC2)ccc1Nc1ncc(Cl)c(-c2cnc3ccccn23)n1
698,Cc1cc(S(=O)(=O)Nc2ccsn2)c(F)cc1N(C)[C@H]1CCN(Cc2ccccc2)C1
821,O=C(O)c1cccc(S(=O)(=O)N2CCc3ccc(I)cc3C2)c1
264,COc1cc(N2C(=O)N(c3ccc(-c4ccc(C(=O)N(C)C)cc4)cc3)C(=O)C23CCN(Cc2ncccc2C)CC3)ncn1
359,Cc1cccc(C(=O)N[C@H](CO)C(=O)N[C@@H](C)C(=O)NC(Cc2ccc(N=C(N)N)cc2)P(=O)(Oc2ccccc2)Oc2ccccc2)c1
508,Cc1nc(NC(=O)C(C)CC(F)(F)F)sc1-c1ccc(N)nc1
697,Cc1ccc2c(c1)c(Cc1nc3c(F)c(F)cc(F)c3s1)cn2CC(=O)O
474,Cn1cc(-c2ccc(Nc3cc4c(cn3)cc(-c3cnn(C)c3)n4C(=O)OC(C)(C)C)c(Cl)c2)cn1
617,CC(C)C[C@H](S)C(=O)N1C[C@@H](F)C[C@H]1C(=O)N1CCC[C@H]1C(=O)N1CC[C@@H](C(=O)O)C1
649,CN(C)C(=O)[C@@H](c1ccc(-c2ccc3ncnn3c2)cc1)[C@H]([NH3+])C(=O)N1CCC(F)(F)C1
594,CNc1ncc(C(=O)Nc2cc(C(=O)Nc3cccc(C(F)(F)F)c3F)ccc2C)c(NC)n1
467,Cc1cc2c(NC(=O)N[C@@H]3CC(CF)(CF)Oc4c(F)cccc43)cccc2cn1
600,Fc1cccc2c1CCC1(CCN(c3ccc(-c4nnc(Cc5cccnc5)o4)nn3)CC1)O2
672,Cc1ccc(C(=O)N2CCC(c3ccc(C#N)cc3)CC2)cc1C(=O)Nc1ccc(N2CCCC2)nc1
735,CN[C@@H](C)C(=O)N[C@H]1CN(C(=O)c2ccc(C#N)cc2)c2cc(C#N)ccc2N(Cc2c(OC)ccc3cc(Br)ccc23)C1=O
686,COc1cccc(NC(=O)c2sccc2S(=O)(=O)Nc2onc(C)c2Br)c1
822,CN[C@@H](C)C(=O)N[C@H]1CN(C(C)=O)c2cc(C#N)ccc2N(Cc2c(C3CC3)ccc3c(C#N)cccc23)C1=O
355,CN(C)C(=O)[C@@H](c1ccc(C2=CN3N=CNC3C=C2)cc1)[C@H](N)C(=O)N1CC[C@H](F)C1
558,C[C@@H]1CN(c2ccc(F)cc2C(F)(F)F)CCN1S(=O)(=O)c1ccc([C@@](C)(O)C(F)(F)F)s1
683,Cc1cc(OCc2ccc(F)cc2F)c(Br)c(=O)n1Cc1ccc(CNC(=O)CO)cc1
464,CC[C@H](C)[C@H](NC(=O)C[C@H](O)[C@H](CC(C)C)NC(=O)[C@H](Cc1c[nH]cn1)NC(=O)[C@H](Cc1ccccc1)NC(=O)[C@@H]1CCCN1C(=O)[C@H](Cc1c[nH]cn1)NC(=O)[C@@H]1CCCN1)C(=O)N[C@@H](Cc1c[nH]cn1)C(=O)N[C@@H](CCCCN)C(=O)O
803,Cc1nc(CC(=O)N2CCC(c3ccc4[nH]c(-c5cc(C(F)(F)F)c6ncnn6c5)c(C(C)C)c4c3)CC2)cs1
829,COc1cc2c(cc1OC(C)C)C(c1ccc(Cl)cc1)N(C1CCC(C(C)(O)C3CCOCC3)CC1)C(=O)C2
694,Cc1cccc(Nc2cc(Cl)nc(SCC(=O)O)n2)c1C
535,CCCn1cnc2c1CC[C@@](CCCN)(C(=O)O)C2
723,Cc1c(C)c2ccc(OCc3ccc(F)c(F)c3)cc2oc1=O
312,Cc1cc(N2C(=O)c3c(C(=O)N(C)C)cn(C)c3C2c2ccc(Cl)cc2)nc2c1nnn2C
577,Cc1[nH]nc2c1c(=O)n(C[C@H](F)CN)c1cc(C3CCCCC3)c(C3CCCCC3)cc21
714,N#Cc1cc(-c2ncnc(Nc3ccc(N4CCN(C5COC5)CC4)cc3)n2)ccc1NC1CCOCC1
751,COc1ccc(OC)c(S(=O)(=O)N2CCC(N(C/C=C/c3cccc(C(=N)N)c3)C(=O)CC(=O)O)CC2)c1
727,Cc1nc2c(Nc3ccc(F)c([C@]4(C)CS(=O)(=O)C(C)(C)C(N)=N4)c3)nccc2s1
519,C[C@H](O)C(=O)N1CC(F)C(Oc2ccc(-c3ncnc(Nc4ccc(N5CCN(C6COC6)CC5)cc4)n3)cc2C#N)C(C)(C)C1
810,COc1cc(Nc2ccc(S(=O)(=O)NCC3CC3)cc2)cc(OC)c1
412,Cc1cc(S(=O)(=O)Nc2cscn2)c(F)cc1N(C)[C@H]1CCN(Cc2ccn(CC(F)(F)F)n2)C1
764,CN1C(=O)[C@H](CS)N(C(=O)[C@@H](N)Cc2ccc(O)cc2)C(=O)[C@@H](C(C)(C)S)NC(=O)[C@@H]1Cc1ccccc1
426,O=C(NC1CCN(Cc2ccc3ccc(=O)[nH]c3c2)CC1)c1cc(=O)c2ccc(F)cc2o1
435,NC(=O)c1cnc(N[C@@H]2CCCC[C@@H]2N)nc1Nc1cccc(-n2nccn2)c1
376,CC(C)N1CCN(S(=O)(=O)c2ccc(NC(=O)c3ccc(C(F)(F)F)cc3[N+](=O)[O-])cc2)CC1
783,C[C@@]1(c2cc(Nc3nccc4cc(Cl)cnc34)cnc2F)C[C@@H](C(F)(F)F)OC(N)=N1
634,CC1(C)C(N)=N[C@](C)(c2cc(Nc3nccc4cc(Cl)cnc34)ccc2F)CS1(=O)=O
335,C[C@]1(c2cc(NC(=O)c3cnc(C(F)F)cn3)ccc2F)N=C(N)C2(CCC2)S(=O)(=O)[C@@H]1F
327,COc1ccc(OC)c(S(=O)(=O)N2CCC(N(Cc3ccc4ccc(C(=N)N)cc4c3)C(=O)CC(=O)O)CC2)c1
743,CNC[C@@H](O)[C@H](c1ccccc1)N1CC(C)(C)c2cccc(F)c21
800,CC[C@@H](C)Oc1cc2c(cc1OC)CC(=O)N(c1ccc(C(C)N3CCC(N(C)C)CC3)cc1)C2c1ccc(Cl)cc1
507,CC1(C)C(N)=N[C@@](C)(c2cc(Nc3noc4cc(Cl)cnc34)ccc2F)CS1(=O)=O
447,CC(C)c1ccc(NC(=O)Oc2ccc3c(c2)[C@]2(C)CCN(CCc4ccccc4)C2N3C)cc1
331,CC(C)OCC(=O)NCC1(O)CCN(c2nc(Oc3cccc(F)c3)cc(C(F)(F)F)n2)CC1
461,CS(=O)(=O)NCc1noc([C@H](CCCC2CCCCC2)CC(=O)NO)n1
776,Cc1nc(C2CCCCC2)c(-c2ccc(S(C)(=O)=O)cc2)o1
595,CNc1ncc(C(=O)Nc2cc(C(=O)Nc3cccc(C(F)(F)F)c3F)ccc2C)c(OC)n1
635,CC(C)[C@@H]1NC(=O)Cn2nnc(n2)-c2csc(n2)CNC(=O)C[C@@H](/C=C/CCS)OC1=O
626,COc1cc(Nc2ncnc(-c3ccc(OC4CCN(C(=O)[C@H](C)O)CC4)c(C#N)c3)n2)ccc1N1CCN(C2COC2)CC1
392,Cc1ccc(CN2[C@H]3CC[C@@H]2C[C@@H](Oc2cccc(C(N)=O)c2)C3)cc1
531,CCCS(=O)(=O)N1CCN(C2(CNC(=O)c3c(F)cccc3F)CCC(F)(F)CC2)CC1
525,C=Cc1cc(Cl)cnc1C(=O)Nc1ccc(F)c([C@]2(C)CS(=O)(=O)C(C)(C)C(N)=N2)c1
633,COc1ccc(C(=O)Nc2ccc(F)c([C@]3(C)CS(=O)(=O)C(C)(C)C(N)=N3)c2)nc1
677,O=C(Nc1ccccc1)Nc1ccccc1
564,CN[C@@H](C)C(=O)N[C@@H]1C(=O)N(Cc2c(C3CC3)cnc3ccccc23)c2ccccc2N(C(=O)C2CCOCC2)[C@H]1C
496,Cc1noc(NS(=O)(=O)c2ccsc2C(=O)Nc2ccc3c(c2)OCO3)c1Br
684,CN[C@@H](C)C(=O)N[C@@H]1C(=O)N(Cc2nn(-c3ccccc3C#N)c3ccccc23)c2ccc(C#N)cc2N(C(=O)c2ccc(C#N)cc2)[C@H]1C
605,Cc1cc(C)nc(Nc2cc(NC[C@@H](N)CCS(C)(=O)=O)cnc2C(N)=O)c1
430,Cc1noc(NS(=O)(=O)c2ccsc2C(=O)Nc2ccc3c(c2C)OCO3)c1Cl
716,CCc1ccc(CC)c(S(=O)(=O)Nc2onc(C)c2C)c1
701,Cc1cc2c(cc1C(F)(F)F)N(C(=O)Nc1ccc(Oc3cccnc3C)nc1)CC2
724,CCc1cc2c(cc1Cn1c(C(=O)O)c(Cc3cccc(C(=O)O)c3)c(=O)c3cc(O)ccc31)OCO2
613,CCC1(CC)C[C@@H](NC(=O)Nc2cccc3cnc(C)cc23)c2cccc(F)c2O1
354,COc1ccc([C@]2(O)CC[C@H](N3CC(NC(=O)CNc4ncnc5ccc(C(F)(F)F)cc45)C3)CC2)cn1
805,COCc1cc(-c2[nH]c3ccc(C4CCN(CC(=O)N5CCC(F)(F)C5)CC4)cc3c2C(C)C)cn2ncnc12
725,CC1(C)C(N)=N[C@](C)(c2cc(Nc3ncc(Br)c4cc(Cl)cnc34)ccc2F)CS1(=O)=O
652,Cc1ncc(-c2c(C)c(CN[C@H]3CC[C@@H](F)C3)nn2-c2ncccc2Cl)cc1F
616,Cc1ccc(S(=O)(=O)N2CC3(C[C@H]2C(=O)NO)OCCO3)cc1
385,CCCC[C@H](NC(=O)O[C@H](Cn1ccc(-c2ccc(C(F)(F)F)cc2)n1)C(C)(C)C)C(=O)C(=O)Nc1ccn[nH]1
540,CCCCCN(CCCCC)C(=O)N1CCN(C(=O)N(c2ccccc2)c2ccccc2)C[C@H]1C(=O)O
586,CC1=CC2Cc3nc4cc(Cl)ccc4c(NCCCCCCCCNc4c5c(nc6ccccc46)CCCC5)c3C(C1)C2
446,N[C@H]1C[C@@H](N2CCn3c(C(F)(F)F)cnc3C2)CCC1c1cc(F)c(F)cc1F
173,OCCN1CCN(CCCN2c3ccccc3Sc3ccc(Cl)cc32)CC1
318,CCS(=O)(=O)N1CC[C@H](N(Cc2ccccc2C(F)(F)F)c2ccc(C#N)c(Cl)c2)C1
511,CC(C#Cc1cnc(Oc2ccc(Oc3ccccc3)cc2)s1)NC(N)=O
356,COc1c(NC(=O)Nc2ccc(Oc3ccnc(Nc4ccccc4)c3)c3ccccc23)cc(C(C)(C)C)cc1C(=O)NC1COC1
539,CCN1CCC(Nc2ccc3c(c2)C(=C(c2ccccc2)c2ncc[nH]2)C(=O)N3)CC1
704,Nc1cc(C(F)(F)F)c(-c2cc(N3CCOCC3)nc(N3CCOCC3)n2)cn1
571,Cc1ccc(-c2ncn(-c3ccc(Nc4nccc(-c5cccc(N6CCOCC6)c5)n4)cc3)n2)cn1
567,CN[C@@H](C)C(=O)N[C@@H]1C(=O)N(Cc2c(OC)ccc3ccccc23)c2ccccc2N(C(=O)C2CCOCC2)[C@H]1C
624,C[C@H](O)C(=O)N1CC[C@@H](Oc2ccc(-c3ncnc(Nc4ccc(N5CCN(C6COC6)CC5)cc4)n3)cc2C#N)C(F)(F)C1
391,NC(=O)c1cccc(O[C@H]2C[C@@H]3CC[C@H](C2)N3Cc2ccccc2)c1
489,CN1C(=O)c2[nH]c(Cc3ccccc3)nc2N2CC3(CCCC3)N=C12
352,Cn1cc(-c2cc(F)c(Nc3nn([C@H]4CCOC4)c4c3CN(C(N)=O)CC4)cc2C(F)F)cn1
560,O=C(Nc1ccc(Oc2ccc(F)cc2)cc1)[C@@H]1C[C@@H](Cc2ccccc2)CN1C(=O)Cn1cncn1
579,N#CC(C#N)=C1C(=O)N(Cc2ccc(O)cc2)c2ccc(S(=O)(=O)N3CCC[C@H]3COc3cccnc3)cc21
549,Cc1nc(N)c2nnn(C[C@H]3CN(Cc4nccs4)CCO3)c2n1
593,COc1cc(-c2ccc(C)c(Cl)c2)c(C#N)cc1-c1nccc2cc(S(=O)(=O)Nc3ccncn3)ccc12
469,C[C@](O)(c1cncc(-c2nc3ccc(F)cn3c2C2CC2)c1)C(F)(F)F
367,Nc1nc(N)c2c(n1)NCC(CCc1ccc(C(=O)NC(CCC(=O)O)C(=O)O)cc1)C2
350,O=C(N[C@H]1C[C@@H](CO)C[C@H]1OC(=O)c1cc(O)c(C(=O)c2c(O)cccc2C(=O)O)c(O)c1)c1ccc(O)cc1
709,CC(C)CNC(=O)c1ccc(-c2ccc(O)cc2C(=O)Nc2ccc(C(=N)N)cc2)c(C(=O)O)c1
311,CCc1nn(C2CC2)c2c1C(c1ccc(Cl)cc1)N(c1cc(OC)c3nnc(C)n3c1)C2=O
568,C[C@H](O)C(=O)N1CC(Oc2ccc(-c3ncnc(Nc4ccc(N5CCN(C6COC6)CC5)cc4)n3)cc2C#N)C(F)(F)C1
585,CN1CCN(Cc2ccc(C(c3nnnn3Cc3ccccc3)N3CCCN(C4CCC4)CC3)cc2)CC1
310,COc1cc(N2C(=O)c3c(C4CC4)nn(C)c3C2c2ccc(Cl)cc2)cn2c(C)nnc12
396,CC(C)(C)NCC(=O)N1C[C@@H](F)C[C@H]1C(=O)c1noc(C(C)(C)C)n1
575,CCN(C(=O)Cc1ccc(S(C)(=O)=O)cc1)C1CCN(CCC(c2ccccc2)N2CCN(c3ccccc3)CC2)CC1
720,O=C(CNO)Cc1c[nH]c2ccc(Cl)cc12
19,CC(=O)O[C@@]12CO[C@@H]1C[C@H](O)[C@@]1(C)C(=O)[C@H](O)C3=C(C)[C@@H](OC(=O)[C@H](O)[C@@H](NC(=O)OC(C)(C)C)c4ccccc4)C[C@@](O)([C@@H](OC(=O)c4ccccc4)[C@@H]12)C3(C)C
773,C[C@@H](NCc1cc([C@]2(C)CCSC(N)=N2)c(F)cc1F)C(F)(F)F
825,NC1=N[C@](CF)(c2cc(NC(=O)c3ncc(Cl)cc3Cl)ccc2Cl)[C@H]2C[C@H]2O1
386,CN([C@H]1CCOC1)S(=O)(=O)Nc1ccc2ccc3ncc(-c4cnn(C)c4)cc3c(=O)c2c1
547,O=C(c1ccccc1)C(Cc1ccc(C(F)(F)P(=O)(O)O)cc1)(Cc1ccc(C(F)(F)P(=O)(O)O)cc1)c1ccccc1
685,CCOC(=O)C1CN(Cc2ccccc2)C(=O)C1=O
477,Cc1cccc(-c2noc([C@H]3CNCC[C@]3(O)c3ccc(F)c(F)c3)c2Br)c1C
753,CC[C@@H](C)Oc1cc2c(cc1OC)CC(=O)N(c1ccc(N(C)CC3CCN(C(=O)N(C)C)CC3)cc1)C2c1ccc(Cl)cc1
618,CC(C)[C@@H]1C(=O)N(S(C)(=O)=O)[C@@H]2CCN(C(=O)c3coc(CN4CCCC4)n3)[C@@H]12
802,Cc1c(-c2[nH]c3ccc(C4CCN(C(=O)N5CCN(C)CC5)CC4)cc3c2C(C)C)cn2ncnc2c1C
365,CN1CCc2cccc3c2[C@H]1Cc1ccc(O)c(O)c1-3
706,O=C(c1ccc(F)cc1)C1CCN(CC(=O)N(Cc2nc3c(c(=O)[nH]2)COCC3)CC(F)F)CC1
818,CC1(C)OCCN(c2cccc(-c3cc(-c4ccnn4CC(F)(F)F)c4c(N)ncnn34)c2)C1=O
526,CC12CCCC(/C=C/C(=O)NS(=O)(=O)c3ccc(F)c(F)c3)=C1N(Cc1ccc(F)c(F)c1)C(=O)C2
329,N#C[C@H](Cc1ccc(-c2ccc3oc(=O)n(CC(F)F)c3c2)cc1)NC(=O)[C@@H]1CNCCCO1
688,O=C(NC1CC1)c1cn(-c2cccc(-c3ccc([C@@H]4C[C@H]4C(=O)O)c(F)c3)c2)c2ncccc2c1=O
289,Nc1ccc(C23CC2C(=O)N(CC2CCCCC2)C3=O)cc1
308,COc1cc2c(Oc3ccc(NC(=O)C4(C(=O)Nc5ccc(F)cc5)CC4)cc3F)ccnc2cc1OCCCCCC(=O)NO
561,COc1cccc(CC(=O)N2Cc3ccc(S(=O)(=O)Nc4cnn(C5CCC5)n4)cc3C2)c1
592,CS(=O)(=O)c1ccc(-c2nnc(/C=C/c3nnc(-c4ccc(C#N)cc4)o3)n2-c2ccccc2Cl)nc1
647,Cc1csc(C(=O)N[C@H]2CC[C@@H](NC(=O)c3cc(F)cnc3Oc3cccc(-c4ccc(CN5C[C@H](C)N[C@H](C)C5)cc4CN4CCOCC4)c3)CC2)n1
390,O=C(NC1CC2CCC(C1)N2Cc1ccc2cc(F)ccc2c1)c1ccccc1-c1ccccc1
591,COc1ccccc1OC(C)(C)C1OCC(C/C=C\CCC(=O)O)C(c2cccnc2)O1
599,COCCCn1c(NC(=O)c2ccc(C#N)cc2)nc2cc(CN(C)C3CCCCC3)ccc21
449,CC(C)CC(NC(=O)Cn1c(=O)c(Cc2ccccc2)nc2ccccc21)C(=O)OC(C)(C)C
448,CC(C)c1ccc(NC(=O)Oc2ccc3c(c2)[C@]2(C)CCN(CCc4ccccc4)[C@@H]2N3C)cc1
379,C#Cc1cccc(Nc2ncnc3cc(OC)c(OCCCCCCC(=O)NO)cc23)c1
757,CNC(=O)c1ccc(-c2cc(F)c(Nc3nn(C4CCOCC4)c4c3CN(C(=O)NC)CC4)cc2C(F)F)cn1
675,O=C(CCCCCONC(=O)Nc1cnc2ccccc2c1)NO
510,OCc1ccc(-c2ccc(Oc3cncc4sc(-c5nnn[nH]5)cc34)cc2)cc1
752,CNC(=O)c1ccc(-c2ccc(N3C(=O)N(c4cc(OC)ncn4)C4(CCN(Cc5ncccc5C)CC4)C3=O)cc2)cc1
346,C=CC(=O)Nc1ccc(S(=O)(=O)N2CCN(c3ccc(C(F)(F)F)cn3)CC2)cc1
532,CC(C)C[C@H](NC(=O)[C@H](Cc1cc(C(F)(F)F)cc(C(F)(F)F)c1)NC(=O)c1cnccn1)B1OC2C[C@@H]3C[C@@H](C3(C)C)[C@]2(C)O1
774,CCS(=O)(=O)c1ccc2c(c1)/C(=C/c1[nH]c3c(c1CCCN1CCN(CC(=O)O)CC1)CCCC3)C(=O)N2
695,COC(=O)N(CC(=O)O)Cc1cc(OCc2nc(-c3ccc(Cl)cc3)oc2C)ccc1F
499,Cn1cc(C2=C(c3cn(C4CCN(Cc5ccccc5)C4)c4ccccc34)C(=O)NC2=O)c2ccccc21
454,CCNc1nc(Cl)c(-c2cccc(N)c2)n(CC(=O)NCc2ccc(C(=N)N)cc2)c1=O
779,CC1c2nnc(C(F)(F)F)n2C(C)CN1C(=O)C[C@H](N)Cc1cc(F)c(F)cc1F
378,Cc1cc(NC(=O)Cc2nc(N3CCOCC3)cc(=O)[nH]2)ccc1F
476,O[C@]1(c2ccc(F)c(F)c2)CCNC[C@@H]1c1onc(-c2ccccc2Cl)c1Br
718,CCN(CC)C(=O)[C@@H]1C=C2c3cccc4[nH]cc(c34)C[C@H]2N(C(=O)Nc2ccccc2)C1
459,COC(C)(C)c1cnc(-c2cc(Cl)ccc2F)cc1Nc1ccncc1C(=O)NCC(C)O
522,O=S(=O)(N[C@@H]1CC[C@@]2(S(=O)(=O)c3ccc(Cl)cc3)c3c(F)ccc(F)c3OC[C@H]2C1)C(F)(F)F
413,COc1ccc(S(=O)(=O)N2CCC[C@H]2C(=O)Nc2cc(C)cc(C)c2)cc1
528,Cc1cnc(Nc2cc(N3CCOCC3)nc(N[C@@H](C)c3ncc(F)cn3)n2)s1
687,Cc1cc(C)nc(O[C@H](C(=O)O)[C@@]2(c3ccccc3)NCC(=O)N(C)c3ccccc32)n1
782,CC(=O)N[C@@H]1[C@@H](N=C(N)N)C=C(C(=O)O)O[C@H]1[C@H](O)[C@H](O)CO
401,Cc1ccc(OC(C)(C)C2OCC(C/C=C\CCC(=O)O)C(c3cccnc3)O2)c(C#N)c1
530,N#CC1CCCCN1C(=O)[C@@H](N)CCNCc1ccc(Cl)cc1
288,CC(C)(CC(=O)N1CCc2ccccc2C1)[C@H]([NH3+])C(=O)N1CCC[C@H]1C#N
338,O=C(CCCCCCc1ccccc1)c1ncc(-c2cc(F)ccn2)o1
490,CN(c1ccc2cn(C)nc2c1)c1ccnc(Nc2cccc(S(N)(=O)=O)c2)n1
754,Clc1ccccc1CC(c1ccccc1)N1CCNCC1
828,Cc1nc(/C=C/[C@H]2[C@H](C)C(F)(F)C[C@@]3(C(N)=O)C(=O)O[C@H](C)[C@@H]23)ccc1-c1ccccc1C#N
292,CC(C)N(Cc1nc2c(c(=O)[nH]1)COCC2)C(=O)CN1CCC(C(=O)c2ccc(F)cc2)CC1
344,CCCCCCCC/C=C\CCCCCCCC(=O)c1nnc(-c2ccccn2)o1
506,C[C@@H](c1nc(-c2ccc(S(C)(=O)=O)cc2Cl)no1)[C@H](N)Cc1cc(F)c(F)cc1F
398,CCCC[C@@H](NC(=O)[C@@H](N)CN)B(O)O
337,O=CN(O)C(CS(=O)(=O)c1ccc(Oc2ccc(OC(F)(F)F)cc2)cc1)c1ccc(C(F)(F)F)cc1
457,CC(C)CN(C(=O)c1cnc(C(C)(C)C)nc1NCc1ccco1)[C@H]1CCCNC1.Cl.Cl
648,O=C(C[C@@H](Cc1ccccc1)C(=O)N1CCC[C@H]1C(=O)O)NO
381,O=C(Nc1cccnn1)N1CCC(=Cc2cccc(Oc3ccc(C(F)(F)F)cn3)c2)CC1
432,CC(C)NCc1cccc2nc(-c3n[nH]c4ncc(-c5cncc6ccccc56)cc34)[nH]c12
690,C[C@H]1Cn2c(nnc2C(F)(F)F)CN1C(=O)C[C@H](N)Cc1cc(F)c(F)cc1F
334,COc1cnc(C(=O)Nc2ccc(F)c([C@]3(C(F)F)CS(=O)(=O)C(C)(C)C(N)=N3)c2)cn1
811,CCCCNc1ncc(-c2cc(Nc3cccc(C(C)C)c3)ncn2)c(N[C@H]2CC[C@H](O)CC2)n1
316,O=S(=O)(c1ccccc1)N(CC(F)(F)F)c1ccc(C(O)(C(F)(F)F)C(F)(F)F)cc1
748,CC(C)(F)C(=O)NC[C@@H]1CCCN1C(=O)C[C@H](N)Cc1cc(F)c(F)cc1F
291,CC(C)CN(Cc1nc2c(c(=O)[nH]1)COCC2)C(=O)CN1CCC(C(=O)c2ccc(F)cc2)CC1
363,CC(C)(CC(O)(Cc1cc2cc(S(C)(=O)=O)ncc2[nH]1)C(F)(F)F)c1ccc(Cl)cc1C(N)=O
3,CN(C)CC(=O)N1CCC(c2nc(-c3cnc(N)c(-n4nnc5ccccc54)n3)n(C)n2)CC1
584,O=C(NCCCNc1nc(Nc2ccc(N3CCOCC3)cc2)ncc1C1CC1)C1CCC1
734,CN[C@@H](C)C(=O)N[C@@H]1C(=O)N(Cc2c(OC)ccc3cc(Br)ccc23)c2ccccc2N(C(=O)c2ccc(C#N)cc2)[C@H]1C
369,COc1ccc(CNC(=O)[C@@H](Cc2ccccc2)NC(=N)NC(=O)Cc2ccc(OC)c(OC)c2)cc1OC
321,C[C@H]1CN(S(=O)(=O)C[C@]23CC[C@H](C[C@@H]2O)C3(C)C)CCN1c1ncc(C(F)(F)F)cc1F
554,Cc1cnc(-c2cc(OC[C@@]3(C)CCOC3)cc(C(=O)N[C@H](C)c3cnc(C(F)(F)F)nc3)c2)s1
62,CN[C@@H]1C[C@H]2O[C@@](C)([C@@H]1OC)n1c3ccccc3c3c4c(c5c6ccccc6n2c5c31)C(=O)NC4
614,CCCCC(=O)c1cc(C(C)(C)C)c2c(c1)C(C)(C)CO2
798,CC[C@@H](C)Oc1cc2c(cc1OC)CC(=O)N(c1ccc(C(C)N3CCC(N(C)C(C)C)CC3)cc1)C2c1ccc(Cl)cc1
682,Cc1cc(OCc2ccc(F)cc2F)c(Cl)c(=O)n1Cc1ccc(CNC(=O)CO)cc1
729,N[C@@H](CC(=O)N1CCn2nc(C3CC3)nc2C1)Cc1cc(F)c(F)cc1F
298,Cc1cc(C)nc(O[C@H](C(=O)O)[C@@]2(c3cccc(-c4ccccc4)c3)NCC(=O)N(Cc3c(F)cc(F)cc3F)c3ccccc32)n1
351,C[C@@H](NC(=O)Cc1ccc(C2CC2)cc1)c1ccc(OCC(F)(F)F)cn1
570,Fc1cccc(Cn2ncc3cc(Nc4ncnn5ccc(COC[C@@H]6CNCCO6)c45)ccc32)c1
387,CN(C)C(=O)c1cc2cnc(Nc3ccc(C(=O)N4C[C@@H]5CC4CN5)cn3)nc2n1C1CCCC1
775,CCCOCCc1cc(-c2ccc(S(C)(=O)=O)cc2)n(-c2ccc(F)cc2)c1C
814,[C-]#[N+]C1(C)CCCC1N1CCC(c2ccc3[nH]c(-c4cc(C)c5ncnn5c4)c(C(C)C)c3c2)CC1
348,O=C(N[C@H]1C[C@@H](O)C[C@H]1OC(=O)c1cc(O)c(C(=O)c2c(O)cccc2C(=O)O)c(O)c1)c1ccc(O)cc1
645,NC1CCN(Cc2ccc(C(=O)Nc3ccc(Cl)cc3C(=O)Nc3ccc(Cl)cn3)cc2)CC1
238,CN(C)C(=O)[C@]12C[C@H]1[C@@](C)(c1cc(/C=C(\F)c3ccc(Cl)cn3)ccc1F)N=C(N)S2
364,C=C(C)c1cnc(-c2cc(Cl)ccc2F)cc1Nc1ccncc1C(=O)NC(C)(C)CO
555,C[C@@H](O[C@H]1OCCN(Cc2n[nH]c(=O)[nH]2)[C@H]1c1ccc(F)cc1)c1cc(C(F)(F)F)cc(C(F)(F)F)c1
792,CC(C)N1C(=O)CN(c2ccc(Cc3cc([C@@H]4O[C@H](CO)[C@@H](O)[C@H](O)[C@H]4O)ccc3Cl)cc2)C1=O
345,O=C(N[C@@H]1CC(O)C[C@H]1OC(=O)c1cc(O)c(C(=O)c2c(O)cccc2C(=O)O)c(O)c1)c1ccc(O)cc1
287,CN1C(=O)Cc2ccc(-c3ccc(C[C@@H](C#N)NC(=O)[C@H]4N[C@@H]5CC[C@H]4C5)c(F)c3F)cc21
400,C[C@H](CS)C(=O)N1CCC[C@H]1C(=O)O
580,COc1cc(Nc2ncnc(-c3ccc(O[C@H]4CCN(C(=O)[C@@H](O)CO)CC4(F)F)c(C#N)c3)n2)ccc1N1CCN(C2COC2)CC1
719,CC(C)NC(=O)c1cc(-c2ccc(Cl)cc2Cl)n[nH]1
787,C[C@@H]1Cc2c(ccc3[nH]ncc23)[C@@H](c2ncc(NC3CN(CCCF)C3)cc2F)N1CC1(F)CC1
689,C[C@@H]1Cn2c(nnc2C(F)(F)F)CN1C(=O)C[C@H](N)Cc1cc(F)c(F)cc1F
482,O=C(CCCCCCc1ccccc1)c1nc(-c2ccccn2)co1
566,CN[C@@H](C)C(=O)N[C@@H]1C(=O)N(Cc2c(OC)ccc3c(Br)cccc23)c2ccccc2N(C(=O)C2CCOCC2)[C@H]1C
518,COc1cc(N2CCN(C[C@H](C)O)CC2)ccc1Nc1ncc2ccc(-c3ccccc3N(C)S(C)(=O)=O)n2n1
411,CCS(=O)(=O)c1ccc(S(=O)(=O)NC)cc1Nc1cc(Nc2ccc(Cl)cn2)ncn1
428,Cc1noc(NS(=O)(=O)c2ccsc2C(=O)Nc2cc3c(cc2CC#N)OCO3)c1Cl
444,CCCS(=O)(=O)N1CCC(CNC(=O)c2ccccc2C(F)(F)F)(c2ccccn2)CC1
330,Clc1ccccc1CN(CC1CNC1)c1ccccc1.O=C(O)C(F)(F)F
795,Cc1ccc(C(=O)NC2CC2)cc1Nc1ncnn2cc(C(=O)c3ccccc3)c(C)c12
622,COc1cc2cc(-c3ccc(CN(C)Cc4ccc([N+](=O)[O-])cc4)cc3)c(=O)oc2cc1OC
769,NC1=N[C@@](c2cc(Nc3ncc(F)c4cc(C#CC5CC5)cnc34)ccc2F)(C(F)F)[C@H]2C[C@H]2O1
715,COc1ccc(CCNc2ncc(C(=O)NCCCN3CCCC3=O)c(NC3CCCC3)n2)cc1OC
819,CCN(CC(O)(CNC(=O)c1cnn(-c2ccc(F)cc2)c1N)C(F)(F)F)C(=O)c1c(F)cccc1F
565,CN[C@@H](C)C(=O)N[C@@H]1C(=O)N(Cc2c(OC)ccc3cc(Br)ccc23)c2ccccc2N(C(=O)C2CCOCC2)[C@H]1C
498,CN[C@@H](C)C(=O)N[C@@H]1C(=O)N(Cc2c(C3CC3)cnc3ccccc23)c2ccccc2N(C(=O)c2ccc(C(C)=O)cc2)[C@H]1C
524,CC1(C)C(N)=N[C@](C)(c2cc(NC(=O)c3ccc(Cl)cn3)cc(F)c2F)CS1(=O)=O
425,CC(=O)Nc1ccc(CN2CCC(NC(=O)c3cc(=O)c4ccc(F)cc4o3)CC2)cc1
824,CCOC(=O)C1C(C)=Nc2nc3c(c(N)c2C1c1cccnc1)CCCC3
407,CN(C)C(=O)[C@@H](c1ccc(-c2ccc3ncnn3c2)cc1)[C@H](N)C(=O)N1CC[C@H](F)C1
473,COc1ccc(N(C(=O)Oc2c(C)cccc2C)c2ccnc(Nc3cc(OC)c(OCCCN4CCN(C)CC4)c(OC)c3)n2)c(OC)c1
562,CN[C@@H](C)C(=O)N[C@H]1CN(C(=O)CC23CC4CC(CC(C4)C2)C3)c2ccccc2N(Cc2c(OC)ccc3cc(Br)ccc23)C1=O
443,CN[C@@H](C)C(=O)Nc1ccc(-c2c(-c3ccnc(C)c3)nc3cc(C)ccn23)c(C#Cc2ccc3c(C)nccc3c2)n1
456,O=C(O[C@@H]1CCC[C@H]1Cc1ccc(O)cc1)c1cc(O)c(C(=O)c2c(O)cccc2C(=O)O)c(O)c1
438,N#CC(C(=O)Nc1ccc(C(F)(F)F)cc1)C(=O)C1CC1
607,CC(C)c1nc(CN(C)C(=O)N[C@H](C(=O)N[C@@H](Cc2ccccc2)C[C@H](O)[C@H](Cc2ccccc2)NC(=O)OCc2cncs2)C(C)C)cs1
603,CN[C@@H](C)C(=O)N[C@@H]1C(=O)N(Cc2c(OC)ccc3cc(Br)ccc23)c2ccccc2N(C(=O)c2ccc(C(C)=O)cc2)[C@H]1C
553,CCC(NC(=O)N1CC(=O)Nc2cccnc21)c1ccc(OC(F)(F)F)cc1
745,Cn1c2ccccc2c2c3c(c4c5ccccc5n(CCC#N)c4c21)CNC3=O
799,COc1cc2c(cc1OC(C)C)[C@H](c1ccc(Cl)cc1)N(c1ccc(C(C)CN3CCC(N(C)C)CC3)cc1)C(=O)C2
481,O=C(CCCCCCc1ccccc1)c1nnc(-c2ccccn2)o1
662,COc1ccccc1Cn1nc(COC(C)(C)C(=O)O)cc1-c1cccc(OCC(C)C)c1
640,CCN[C@@H](CC)C(=O)NC1C(=O)N(Cc2c(OC)ccc3c(Br)cccc23)c2ccccc2N(c2ccccc2)C1=O
366,CCC(Cc1ccc(C(=O)NC(CCC(=O)O)C(=O)O)cc1)c1cnc2nc(N)nc(N)c2n1
732,N[C@@H](CC(=O)N1CCn2c(nnc2C(F)(F)C(F)(F)F)C1)Cc1cc(F)c(F)cc1F
445,O=C(O)c1cccc(S(=O)(=O)N2CCc3ccc(-c4nnn[nH]4)cc3C2)c1
486,Cc1c(OC2CCN(Cc3ccccc3)CC2)cc(F)c(S(=O)(=O)Nc2cscn2)c1F
589,Cc1nc(C2CCCCC2)c(-c2ccc(S(N)(=O)=O)c(F)c2)o1
722,COc1cnc(COc2cc(F)c(F)cc2C)cc1-c1cc2c([nH]1)CCNC2=O
820,O=C(O)[C@H]1CCN1C(=O)Nc1cc(Cl)ccc1-c1cccc(F)c1F
175,C#CCOc1cnc(/C(F)=C/c2ccc(F)c([C@@]3(C)N=C(N)S[C@]4(CO)[C@H]3C4(F)F)c2)cn1
710,C=C(C)c1ccc(-c2ccc(C(=O)NCC(C)C)cc2C(=O)O)c(C(=O)Nc2ccc(C(=N)N)cc2)c1
671,Cc1cc2c(NC(=O)N[C@@H]3CC(CF)(CF)Oc4ccc(F)cc43)cccc2cn1
674,CC(C)NNC(=O)c1ccncc1
793,CC(C)(C#N)c1cnc(N2CCN(C(=O)[C@@H]3CCCC[C@H]3C(=O)NC3(C#N)CC3)CC2)s1
480,COC(=O)N[C@@H]1CC(C)(C)c2ccc(Nc3nc(NCC(F)F)c4occc4n3)cc2NC1=O
516,N#Cc1cc(NCC(=O)NC2CN([C@H]3CC[C@@](O)(c4cncs4)CC3)C2)c2cc(C(F)(F)F)ccc2n1
371,Cc1ccc(-n2c(-c3ncccc3Cl)nc(CN[C@H]3CC[C@@H](F)C3)c2C(C)C)cn1
661,CCCCCCNC(=O)Oc1cccc(-c2ccc(C(C)C(=O)OC)cc2F)c1
424,COC[C@@H]1CCCN1S(=O)(=O)c1ccc2c(c1)C(=O)C(=O)N2Cc1ccc(OCC(O)CF)cc1
521,Cc1nc2c(C)cc(-c3[nH]c4ccc(C5CCN(C(=O)[C@@H]6[C@H](O)CCN6C(=O)OC(C)(C)C)CC5)cc4c3C(C)C)cn2n1
789,CC(C)Cn1c2ccc(Nc3ncccn3)cc2c2c3c(c4c(c21)CCc1nn(C)cc1-4)C(=O)NC3
657,C/C=C/C[C@@H](C)[C@@H](O)[C@H]1C(=O)N[C@@H](CC)C(=O)N(C)CC(=O)N(C)[C@@H](CC(C)C)C(=O)N[C@@H](C(C)C)C(=O)N(C)[C@@H](CC(C)C)C(=O)N[C@@H](C)C(=O)N[C@H](C)C(=O)N(C)[C@@H](CC(C)C)C(=O)N(C)[C@@H](CC(C)C)C(=O)N(C)[C@@H](C(C)C)C(=O)N1C
341,COc1ccc(Cc2nnc(NC(=O)Cc3cccs3)s2)cc1
666,COc1ccc(-n2nc(C(C)C)cc2NC(=O)Nc2ccc(Oc3ccnc(Nc4cc(OC)cc(C(=O)NCCO)c4)n3)c3ccccc23)cc1
623,CC(Nc1ccc(F)cc1)c1cc(C(=O)N(C)C)cc2c(=O)cc(N3CCOCC3)oc12
402,CC(C)c1ncc([C@]2(O)CC[C@H](N3CC(NC(=O)CNc4ncnc5ccc(C(F)(F)F)cc45)C3)CC2)s1
711,COc1ccc(-c2ccc(C(=O)NCC(C)C)cc2C(=O)O)c(C(=O)Nc2ccc(C(=N)N)cc2)c1
404,CN(C)C(=O)[C@@H](c1ccc(-c2ccn3ncnc3c2)cc1)[C@H]([NH3+])C(=O)N1CC[C@H](F)C1
416,CN[C@@H](C)C(=O)N[C@H]1CN(C(=O)c2ccc(C(=O)N3C[C@H](NC(=O)[C@H](C)NC)C(=O)N(Cc4c(OC)ccc5c(Br)cccc45)c4ccccc43)cc2)c2ccccc2N(Cc2c(OC)ccc3c(Br)cccc23)C1=O
696,CCOc1cc(OCC)cc(-c2cc(COC(C)(C)C(=O)O)nn2-c2ccccc2Cl)c1
494,Cc1c2ccc(N(C)c3ccnc(Nc4cccc(S(N)(=O)=O)c4)n3)cc2nn1C
778,Cn1cnc2c1CCN(C(=O)C[C@H](N)Cc1cc(F)c(F)cc1F)C2C(F)(F)F
804,COCc1cc(-c2[nH]c3ccc(C4CCN(CC(=O)N5C[C@H](C(F)(F)F)C[C@@H]5CO)CC4)cc3c2C(C)C)cn2ncnc12
771,NC1=N[C@](CF)(c2cc(Nc3ncnc4cc(Cl)cnc34)ccc2F)C[C@@H](C(F)(F)F)O1
509,CC(C)Oc1cc([C@@](Cc2ccccc2)(NC[C@@H](O)C(F)(F)F)c2cc(F)cc(OC(F)(F)C(F)F)c2)ccc1F
609,COc1cc2c(cc1OC)C(=O)C(CC1CCN(Cc3ccccc3F)CC1)C2
113,CCCCCCOC(=O)[C@]1(O)C[C@@H]2O[C@@]1(C)n1c3ccccc3c3c4c(c5c6ccccc6n2c5c31)C(=O)NC4
301,O=C(N[C@@H]1CN2CCC(CC2)[C@H]1OC(=O)c1cc(O)c(C(=O)c2c(O)cccc2C(=O)O)c(O)c1)c1ccc(O)cc1
691,CCC1c2nnc(C(F)(F)F)n2CCN1C(=O)C[C@H](N)Cc1cc(F)c(F)cc1F
309,CCS(=O)(=O)n1c2c(c3cc(C(=O)N4CCC(C)CC4)ccc31)CN(C1CCOCC1)CC2
49,CN(C[C@@H]1COCCO1)S(=O)(=O)Nc1ccc2ccc3ncc(-c4cnn(C)c4)cc3c(=O)c2c1
503,Cc1cccc(NC(=O)c2cc(Oc3cncnc3)cc(C)n2)n1
788,CN[C@@H](C)C(=O)N[C@@H]1C(=O)N(Cc2c(OC)ccc3c(Br)cccc23)c2ccccc2N(C(=O)CCOC)[C@H]1C
663,CCOc1cc(OCC)cc(-c2cc(COC(C)(C)C(=O)O)nn2Cc2ccccc2Cl)c1
429,O=C1N[C@H](C(=O)O)CCCCCCc2cccc(c2)C[C@@H]1CS
271,O=C(/C=C/c1ccc(CN2CCCC(c3c(-c4ccccc4)[nH]c4ccccc34)C2)c(F)c1)NO
708,CCCc1ccc(-c2ccc(C(=O)NCC(C)C)cc2C(=O)O)c(C(=O)Nc2ccc(C(=N)N)cc2)c1
492,Cc1nc2cc(N(C)c3ccnc(Nc4cccc(S(N)(=O)=O)c4)n3)ccc2n1C
610,NCCC[C@@]1(C(=O)O)CCc2c(ncn2C2CCCCC2)C1
815,Cc1c(-c2[nH]c3ccc(C4CCN(C(=O)CCN5CCC(F)(F)CC5)CC4)cc3c2C(C)C)cn2ncnc2c1C
319,C[C@]1(c2cc(/C=C(\F)c3cnc(Cl)cn3)ccc2F)N=C(N)S[C@]2(CO)[C@H]1C2(F)F
399,CC(C)C[C@H](N[C@@H](Cc1cncn1C(C)(C)C1CCCCC1)C(=O)O)C(=O)O
380,N#Cc1cc(-c2ncnc(Nc3ccc(N4CCOC(CO)C4)cc3)n2)ccc1OC1CCOCC1
465,N#Cc1cc(-c2ncnc(Nc3ccc(N4CCN(C5COC5)CC4)cc3)n2)ccc1OC1CCN(C(=O)c2ccc[nH]2)CC1
410,O=P(O)(O)C(Nc1cc(-c2ccc(OC3CCC3)cc2)ccn1)P(=O)(O)O
388,COC(=O)[C@@H]1C[C@@H](OS(=O)(=O)c2ccccc2)CN1S(=O)(=O)c1ccc(C)cc1
606,CN(C)CC(=O)N1CCC(n2cc(-c3cnc(N)c(-n4nnc5ccccc54)n3)cn2)CC1
632,CC1(C)C(N)=N[C@](C)(c2cc(Nc3ncnc4cc(Cl)cnc34)ccc2F)CS1(=O)=O
659,N#Cc1ccc2c(c1)CN(S(=O)(=O)c1cccc(C(=O)O)c1)CC2
797,N[C@@H](CC(=O)N1CCn2c(nnc2C(F)(F)F)C1Cc1ccccn1)Cc1cc(F)c(F)cc1F
300,C=CCN(CC=C)C(=O)[C@@]1(c2cccs2)C[C@H]1CN
739,N#Cc1ccc(COc2ccc(S(=O)(=O)N3CC[C@H](O)C[C@@H]3C(=O)NO)cc2)cc1
736,O=CN(O)C(CCC(=O)N1CCOCC1)CS(=O)(=O)c1ccc(Oc2ccc(OC(F)(F)F)cc2)cc1
393,CS(=O)(=O)N1CCN([C@H]2C[C@@H](C(=O)Nc3ccc(C(=O)O)cc3)N(C(=O)C3CCN(C(=N)N)CC3)C2)CC1
487,CN(C)C(=O)c1cc2cnc(Nc3ccc(N4CC5(CC6CCC(C5)N6)OC4=O)cn3)nc2n1C1CCCC1
827,C[C@]1(c2cc(/C=C(\F)c3ccc(Cl)cn3)ccc2F)N=C(N)S[C@@]2(CO)C[C@H]21
313,CC(=O)N1CC(n2nc(C)c3c2C(=O)N(c2cc(C)c4nnc(C)n4c2)C3c2ccc(Cl)cc2)C1
306,CC(C)[C@@H]1C(=O)N(S(C)(=O)=O)[C@@H]2CCN(C(=O)C3CN(CC(C)(C)C)C3)[C@@H]12
758,COc1cc(N2CCN(C(=O)[C@@H](C)O)CC2)ccc1Nc1ncc(Cl)c(-c2cnc3ccccn23)n1
323,COc1ccc(S(=O)(=O)N2CCCSC[C@@]2(C)C(=O)NO)cc1
653,Cc1ccc(-n2c(-c3ncccc3Cl)nc(CN[C@H]3CC[C@@H](F)C3)c2C)cn1
588,CC(C)(C)C1(C)Cc2c(CN3CCC4(CC3)CCN(C(=O)c3ccc(N)cn3)CC4)cccc2O1
534,COC[C@@H](O)Cn1c(=O)cnn(-c2ccc(Cl)c(C(=O)NCC3(O)CCCCCC3)c2)c1=O
707,O=C(c1ccc(F)cc1)C1CCN(CC(=O)N(Cc2nc3c(c(=O)[nH]2)COCC3)CC2CC2)CC1
514,CS(=O)(=O)N1Cc2cc(Cl)ccc2-n2c(nnc2C2CCN(c3ccccn3)CC2)C1
679,CC1(C)SCCN(S(=O)(=O)c2ccc(Oc3ccncc3)cc2)[C@H]1C(=O)NO
214,C#Cc1ccc(/C(F)=C/c2ccc(F)c([C@@]3(C)N=C(N)S[C@@]4(C(=O)N(C)C)C[C@H]43)c2)nc1
453,CCCCCN(CCCCC)C(=O)N1CCN(C(=O)N(CCCCC)CCCCC)[C@H](C(=O)O)C1
557,Cc1ccc(OC(C)(C)C2OCC(C/C=C\CCC(=O)O)C(c3cccnc3)O2)c([N+](=O)[O-])c1
563,CN[C@@H](C)C(=O)N[C@H]1CN(C(=O)C23CC4CC(CC(C4)C2)C3)c2ccccc2N(Cc2c(OC)ccc3cc(Br)ccc23)C1=O
405,CN(C)C(=O)[C@@H](c1ccc(-c2ccc3ncnn3c2)cc1)[C@H]([NH3+])C(=O)N1CC[C@H](F)C1
728,N[C@H]1C[C@@H](N2Cc3cnc(C4CC4)nc3C2)CC[C@@H]1c1cc(F)c(F)cc1F
784,C[C@@]1(c2cc(Nc3ncnc4cc(Cl)cnc34)cnc2F)C[C@@H](C(F)(F)F)OC(N)=N1
730,CCO[C@@H]1Cc2cc(C(F)(F)F)ccc2[C@H]1N1CCN(C2(C)CCN(C(=O)c3c(C)ncnc3C)CC2)C[C@@H]1C
419,CC1=C(C(=O)Nc2ccc3[nH]ncc3c2)C(c2ccc(F)c(C(=O)NCCc3ccccn3)c2)NC(=O)N1
699,COC[C@@H](O)COc1cn2ncnc(Oc3ccc4[nH]c(C)cc4c3F)c2c1C
826,CCOC(=O)C1C(C)=Nc2nc3c(c(N)c2C1c1cccc(OC)c1)CCCC3
660,CCOc1cc(OC)cc(-c2cc(COC(C)(C)C(=O)O)nn2Cc2ccccc2OCC)c1
468,C[C@](O)(c1cncc(-n2nc(C(F)(F)F)c3ccccc32)c1)C(F)(F)F
573,CCOP(=O)(CCn1cc(-c2ccc(-c3nc(-c4ccc(F)cc4)c(-c4cc[nH]c(=O)c4)[nH]3)cc2)nn1)OCC
582,CN(C(=O)c1ccc(CNS(=O)(=O)c2cccc(Cl)c2)cc1)C1CCCCCC1
801,Cc1c(-c2[nH]c3ccc(C4CCN(C(=O)N5CCN(C(C)C)CC5)CC4)cc3c2C(C)C)cn2ncnc2c1C
307,CN[C@@H](C)C(=O)N[C@H]1CN(C(=O)c2ccc(C#N)cc2)c2cc(C#N)ccc2N(Cc2c(OC(F)F)ccc3ccccc23)C1=O
756,CC(C)C(=O)N(Cc1cccc(Cl)c1Cl)[C@H]1CCNC1
302,CC(C)COC(=O)c1cccc(O)c1C(=O)c1c(O)cc(C(=O)O[C@@H]2CNC[C@H]2NC(=O)c2ccc(O)cc2)cc1O
423,N#Cc1ccc(Cn2cncc2CN(CCc2ccccc2)[C@H]2CCN(Cc3ccccc3)C2=O)cc1
372,O=NC(Cc1ccc(O)c(Br)c1)C(=O)NCCS
816,COCc1c(C)c(-c2[nH]c3ccc(C4CCN(C5COC5)CC4)cc3c2C(C)C)cn2ncnc12
629,O=C(Nc1ccc(Oc2ccc(F)cc2)cc1)[C@@H]1C[C@@H](Cc2ccc(F)cc2)CN1C(=O)Cn1cncn1
361,CCS(=O)(=O)c1cc2cc(C[C@](O)(CC(C)(C)c3ccccc3C(N)=O)C(F)(F)F)[nH]c2cn1
612,Cc1cc2c(NC(=O)N[C@@H]3CC(C)(C)Oc4c3ccc(F)c4F)cccc2cn1
414,CN(C)C(=O)CC1c2nnc(C(F)(F)F)n2CCN1C(=O)C[C@H](N)Cc1cc(F)c(F)cc1F
373,CNC[C@@H](O)[C@H](c1cccc(F)c1)N1CC(C)(C)c2cccc(F)c21
451,CC(C)(C)OC(=O)N[C@@H](CCCCCS)C(=O)NC1CCCC1
491,CN(Cc1cnc2nc(N)nc(N)c2n1)c1ccc(C(=O)NC(CC(F)(F)CN)C(=O)O)cc1
664,COc1cccc(Cn2nc(COC(C)(C)C(=O)O)cc2-c2cccc(OCC(C)C)c2)c1
721,CC(S)C(Cc1ccccc1)C(=O)NCC(=O)O
357,CC1=C(C(=O)Nc2ccc3[nH]ncc3c2)C(c2ccc(F)c(C(=O)NCCc3ccncc3)c2)NC(=O)N1
4,C[C@H](NC(=O)C(C)(C)Oc1ccc(C(F)(F)F)cn1)[C@@H](Cc1ccc(Cl)cc1)c1cccc(C#N)c1
325,O=C(NO)c1ccc2c(c1)CN(Cc1ccc(-c3cccc([N+](=O)[O-])c3)o1)CC2
322,CCN(C(=O)Cc1ccc(S(C)(=O)=O)cc1)C1CCN(CCC(c2ccccc2)N2CCN(S(C)(=O)=O)CC2)CC1
619,CC[C@H](C)[C@H](N)C(=O)NS(=O)(=O)CC(=O)N[C@@]1(C(=O)OC)[C@@H](O)C[C@H]2C(C(N)=O)=CN(C)C[C@H]21
317,O=P(O)(O)C(F)(F)c1ccc(CC(Cc2ccc(C(F)(F)P(=O)(O)O)cc2)(c2ccc(F)c(F)c2)n2nnc3ccccc32)cc1
483,O=C(CCCCCCc1ccccc1)c1ncc(-c2ccccn2)o1
339,O=C(O)Cn1nnc(-c2nnc(OCCCOc3cc(F)ccc3Br)s2)n1
700,Cc1cc2c(F)c(Oc3ncnn4cc(OC[C@@H](C)O)c(C)c34)ccc2[nH]1
781,CC(=O)N[C@H](C(=O)N[C@@H](CC(=O)O)C(=O)N[C@H](C(=O)N1CCc2cc(C)ccc2C1C(=O)N[C@H]1CC(=O)OC1O)C(C)C)C(C)C
786,C[C@@H]1Cc2c(ccc3[nH]ncc23)[C@@H](c2ccc(NC3CN(CCCF)C3)cn2)N1CC(F)(F)CO
667,COc1cccc(-n2nc(C(C)(C)C)cc2NC(=O)Nc2ccc(Oc3ccnc4[nH]c(=O)cnc34)cc2F)c1
765,Cc1[nH]c([C@@H](Cc2cn(C)c3ccccc23)NC(=O)[C@H](CC(C)C)NC(=O)Nc2ccccc2)nc1C(=O)O
296,Cc1cc(F)ccc1-c1cc(C2CCC(CC(=O)O)CC2)ncc1N(C)C(=O)C(C)(CO)c1cc(C(F)(F)F)cc(C(F)(F)F)c1
692,Cn1ncc(-c2ccncc2)c1-c1ccc(OCc2cc(OCCOCCOCCOCCF)c3ccccc3n2)cc1
669,CC(C)(C)c1nc([C@@H]2CCCN2C(=O)C[C@H](N)Cc2cc(F)c(F)cc2F)no1
713,Cc1ccc(Oc2ccc(Nc3ncnc4cccc(O[C@@H](C)C(=O)N(C)C)c34)cc2C)cn1
397,COc1cc(-c2cnn(C)c2)ccc1Nc1ncc2ccnc(N[C@@H](C)C(C)(C)C)c2n1
501,CCCC[C@H](CN(O)C=O)C(=O)N[C@H](C(=O)N(C)C)C(C)(C)C
546,CN[C@@H](C)C(=O)N[C@H]1CN(C(=O)c2ccc3cn[nH]c3c2)c2ccccc2N(Cc2c(C)ccc3ccccc23)C1=O
646,CN[C@@H](C)C(=O)N[C@H](C(=O)N1C[C@@H]2C[C@H]1C(=O)N[C@@H](Cc1ccc3ccccc3c1)C(=O)N[C@H](C(=O)O)Cc1ccc(cc1)OCCCC[C@H]1C[C@@H](C(=O)N[C@@H](Cc3ccc4ccccc4c3)C(=O)N[C@H](NS(=O)(=O)C3CC3)Cc3ccc(cc3)OCc3cn2nn3)N(C(=O)[C@@H](NC(=O)[C@H](C)NC)C(C)(C)C)C1)C(C)(C)C
497,COc1cc2c(cc1OC)C(=O)C(CC1CCN(Cc3ccccc3)CC1)C2
484,O=C(CCCCCCc1ccccc1)c1nnc(-c2ccccc2)o1
597,C#CCN(C)Cc1ccc(O)c2ncccc12
598,CCc1cc(Cl)ccc1Oc1cc(C)ncc1CN(C)C
82,O=S(=O)(c1ccc(Cl)cc1)[C@@]12CCC[C@@]3(CCOC3)[C@@H]1COc1c(F)ccc(F)c12
673,O=C(N[C@H]1CCCCC[C@H]1OC(=O)c1cc(O)c(C(=O)c2c(O)cccc2C(=O)O)c(O)c1)c1ccc(O)cc1
