Score,SMILES,Protein Name,Drug Name,Protein Sequence,existence
0.93241805,CN1CCN(CC1)CCCN2C3=CC=CC=C3SC4=C2C=C(C=C4)Cl.C(CS(=O)(=O)O)S(=O)(=O)O,1L4T,prochlorperazine edisylate,XANTWRAFDGPGAHRALSGAPISFIHLLSX,0
0.9240471,C[N+](C)(C)CC(=O)[O-],1L4T,betaine,XANTWRAFDGPGAHRALSGAPISFIHLLSX,0
0.9210971,CN(C)C(=O)NC1CCC(CC1)CCN2CCN(CC2)C3=C(C(=CC=C3)Cl)Cl.Cl,1L4T,cariprazine hydrochloride,XANTWRAFDGPGAHRALSGAPISFIHLLSX,0
0.9205343,O[Se](=O)O,1L4T,selenious acid,XANTWRAFDGPGAHRALSGAPISFIHLLSX,0
0.9138043,CC1CN(CC(N1)C)C2=C(C(=C3C(=C2F)N(C=C(C3=O)C(=O)O)C4CC4)N)F,1L4T,sparfloxacin,XANTWRAFDGPGAHRALSGAPISFIHLLSX,0
