,0
0,N[C@@H](Cc1ccccc1)C(=O)N1CCN(c2nc(N3CCOCC3)nc(-n3c(C(F)F)nc4ccccc43)n2)CC1
1,O=C(Nc1ccncc1)Nc1ccc(-c2nc(N3CCOCC3)nc(N3C4CCC3COC4)n2)cc1
2,COC[C@H](C)Oc1cnc(/C(F)=C/c2ccc(F)c([C@@]3(C)N=C(N)S[C@@]4(C(=O)N(C)C)C[C@H]43)c2)cn1
3,CN(C)CC(=O)N1CCC(c2nc(-c3cnc(N)c(-n4nnc5ccccc54)n3)n(C)n2)CC1
4,C[C@H](NC(=O)C(C)(C)Oc1ccc(C(F)(F)F)cn1)[C@@H](Cc1ccc(Cl)cc1)c1cccc(C#N)c1
5,C/C=C1/CC2[C@@H]1C[C@H](c1cc3c(cc1OC)C1CCN4C[C@H]5C[C@H](CC)[C@H]4[C@@](C(=O)OC)(C5)C1N3)c1[nH]c3ccccc3c1CC(NC)[C@H]2C(=O)OC
6,CN1C(=O)c2c(nc(C#Cc3ccccc3)n2Cc2ccccc2)N2C1=N[C@@H]1CCC[C@@H]12
7,CC(C)c1cc(-n2nnc(C(=O)NCCCCCCC(=O)NO)c2-c2ccc(CN3CCOCC3)cc2)c(O)cc1O
8,C=C(N)NCCC[C@@H]1NC(=O)[C@@H]2CSSC[C@H](N)C(=O)N[C@H]3CSSC[C@@H](C(=O)O)NC(=O)[C@H](CSSC[C@H](NC(=O)[C@H](CC(N)=O)NC3=O)C(=O)N[C@@H](CO)C(=O)N[C@@H](CO)C(=O)N[C@@H](CCCCN)C(=O)N[C@@H](Cc3c[nH]c4ccccc34)C(=O)N2)NC(=O)[C@H](CCCNC(=N)N)NC(=O)[C@H](CO)NC(=O)[C@H](Cc2cnc[nH]2)NC(=O)[C@H](CC(=O)O)NC1=O
9,CC(Cc1c[nH]c2ccccc12)(NC(=O)OC1[C@H]2C[C@@H]3C[C@@H](C[C@H]1C3)C2)C(=O)NCC[C@H](NC(=O)CCC(=O)O)c1ccccc1
10,NC(=O)c1c(OCc2c(F)cc(Br)cc2F)nsc1NC(=O)NCCCCN1CCCC1
11,C=CC[C@H](NC(=O)[C@H](Cc1ccccc1)NS(=O)(=O)N1CCN(C)CC1)C(=O)N[C@@H](CC1CCCCC1)C(O)C(F)(F)C(=O)NCCN1CCOCC1
12,CCCCC/C=C\C/C=C\C/C=C\C/C=C\CCCC(=O)NCCO
13,C=CCc1ccccc1OCC(O)CNC(C)C
14,Cc1n[nH]c2ccc(-c3cc(OC[C@@H](N)Cc4c[nH]c5ccccc45)cnc3-c3ccoc3)cc12
15,C[C@@H](CN1[C@H](C)Cc2c([nH]c3ccccc23)[C@H]1c1c(F)ccc(OCCNCCCF)c1C(F)F)C(=O)O
16,Cc1sc2c(c1C)C(c1ccc(Cl)cc1)=N[C@@H](CC(=O)OC(C)(C)C)c1nnc(C)n1-2
17,O=[N+]([O-])c1ccc2c(c1)CC(NCC1CCN(CCNS(=O)(=O)c3cccc4ccccc34)CC1)CCC2
18,CNC[C@H](C[C@H]1CCCOC1)NC(=O)N1CCC[C@@H]([C@@H](OCCNC(=O)OC)c2cccc(Cl)c2)C1
19,CC(=O)O[C@@]12CO[C@@H]1C[C@H](O)[C@@]1(C)C(=O)[C@H](O)C3=C(C)[C@@H](OC(=O)[C@H](O)[C@@H](NC(=O)OC(C)(C)C)c4ccccc4)C[C@@](O)([C@@H](OC(=O)c4ccccc4)[C@@H]12)C3(C)C
20,COc1ccc(CCN2C(=O)N(NS(C)(=O)=O)C[C@H]2c2ccc(OC)cc2)cc1
21,CC(C)Oc1ccc(-c2cnc3c(-c4ccnc5ccccc45)cnn3c2)cc1
22,CCCCc1nn(-c2ccccc2-c2ccccc2)c(C(=O)OCC)c1Cc1ccc(-c2ccccc2-c2nnn[nH]2)cc1
23,C[C@@H]1[C@H](F)CCN1C(=O)[C@]12C[C@H]1[C@@](C)(c1cc(/C=C(\F)c3ccc(C#N)cn3)ccc1F)N=C(N)S2
24,C#CCOc1cnc(/C(F)=C/c2ccc(F)c([C@@]3(C)N=C(N)S[C@@]4(C(=O)N5CCOCC5)C[C@H]43)c2)cn1
25,C[C@H]1[C@H](/C=C/c2ccc(-c3ccccc3C#N)cn2)[C@@H]2[C@@H](C)OC(=O)[C@]2(c2n[nH]c(=O)o2)CC1(F)F
26,O=P(O)(O)C(F)(F)c1ccc(CC(CCCc2ccccc2)(c2ccccc2)n2nnc3ccccc32)cc1
27,COc1ccc(S(=O)(=O)N[C@H](CO)C(=O)N[C@@H](C)C(=O)NC(Cc2ccc(N=C(N)N)cc2)P(=O)(Oc2ccccc2)Oc2ccccc2)cc1
28,O=C1Nc2ccc(Cl)cc2[C@@](C#CC2CC2)(C(F)(F)F)O1
29,C[C@@H](CN1[C@H](C)Cc2c([nH]c3ccccc23)[C@H]1c1c(Cl)ccc(OCCNCCCF)c1Cl)C(=O)O
30,CN1C(=O)c2c(nc(-c3ccccc3)n2Cc2ccccc2)N2CC3(CCCC3)N=C12
31,COCc1nc(-c2ccc(N3C(=O)N(c4cc(=O)[nH]cn4)C4(CCN(Cc5ncccc5C)CC4)C3=O)cc2)no1
32,O=C(NC1CCN(Cc2ccn(-c3ccc(C(F)(F)F)cc3)c2)CC1)N[C@H](CO)c1ccccc1
33,COc1cc(NC(=O)c2cccc(-n3cc(NC(=O)Nc4cccc(C)c4)cn3)c2)cc(OC)c1OC
34,COc1ccc(/C(F)=C/c2ccc(F)c([C@@]3(C)N=C(N)S[C@@]4(C(=O)N5CCCC5)C[C@H]43)c2)nc1
35,CNC(=O)[C@]12C[C@H]1[C@@](C)(c1cc(/C=C(\F)c3ccc(Br)cn3)ccc1F)N=C(N)S2
36,N=C(N)NC(=O)c1ccc(C2CCN(C(=O)C3CC3)CC2)c(C(F)(F)F)c1
37,CN(C)C(=O)c1cc2cnc(Nc3ccc(C(=O)N4CC5CCC(C4)N5)cn3)nc2n1[C@@H]1C[C@H]2CC[C@@H]1C2
38,CN[C@H](Cc1ccccc1)C(=O)N1CCC[C@H]1C(=O)N[C@H](C=O)CCCN=C(N)N
39,C[C@H](NC(=O)[C@@H](CO)NS(=O)(=O)c1ccc(Br)cc1)C(=O)NC(Cc1ccc(N=C(N)N)cc1)P(=O)(Oc1ccccc1)Oc1ccccc1
40,CCCSc1nc(N)c2ncn([C@@H]3O[C@H](COP(=O)(O)OP(=O)(O)C(Cl)(Cl)P(=O)(O)O)[C@@H](O)[C@H]3O)c2n1
41,CC(C)Oc1cc([C@@](Cc2ccccc2)(NC[C@@H](O)CC(F)(F)F)c2cc(F)cc(OC(F)(F)C(F)F)c2)ccc1F
42,O=C(Nc1ccccc1)[C@@H]1C[C@H](N2CCN(S(=O)(=O)c3ccccc3)CC2)CN1C(=O)/C=C/c1cc(Cl)ccc1-n1cnnn1
43,CC(=O)N[C@@H](CCCCNC(=O)CSCCNC(=O)CCNC(=O)[C@H](O)C(C)(C)COP(=O)(O)OP(=O)(O)OC[C@H]1O[C@@H](n2cnc3c(N)ncnc32)[C@H](O)[C@@H]1OP(=O)(O)O)C(N)=O
44,C[C@]1(c2cc(/C=C(\F)c3ccc(Cl)cn3)ccc2F)N=C(N)S[C@@]2(C(=O)Nc3ccccc3)C[C@H]21
45,CSCC[C@H](NC(=O)[C@H](CCCN=C(N)N)NC(=O)[C@H](CCCN=C(N)N)NC(=O)[C@H](CC(C)C)NC(=O)[C@H](CCC(=O)O)NC(=O)[C@H](CCCN=C(N)N)NC(=O)CNC(=O)[C@H](Cc1ccc(O)cc1)NC(=O)[C@H](CCCN=C(N)N)NC(=O)[C@H](CCC(N)=O)NC(=O)[C@H](C)NC(=O)[C@H](C)NC(=O)[C@@H](N)Cc1c[nH]c2ccccc12)C(=O)N[C@@H](CO)C(=O)N[C@@H](CC(=O)O)C(=O)N[C@@H](CCC(=O)O)C(=O)N[C@@H](Cc1ccccc1)C(=O)N[C@H](C(=O)N[C@@H](CC(=O)O)C(=O)N[C@@H](CO)C(=O)N[C@@H](Cc1ccccc1)C(=O)N[C@@H](CCCCN)C(=O)O)C(C)C
46,CC(=CC(C)C=CC(=O)NO)C(=O)c1ccc(N(C)C)cc1
47,CC(C)C[C@H](NC(=O)[C@@H](NC(=O)N[C@H](C(=O)O)C(C)C)[C@@H]1CCN=C(N)N1)C(=O)NCCCN[C@H](C(=O)O)[C@H](O[C@@H]1O[C@H](CN)[C@@H](O)[C@H]1O)[C@H]1O[C@@H](n2ccc(=O)[nH]c2=O)[C@H](O)[C@@H]1O
48,Cc1cccnc1CN1CCC2(CC1)C(=O)N(c1ccc(-c3ccc(C(=O)O)cc3)cc1)C(=O)N2c1ncccn1
49,CN(C[C@@H]1COCCO1)S(=O)(=O)Nc1ccc2ccc3ncc(-c4cnn(C)c4)cc3c(=O)c2c1
50,C/C=C1\NC(=O)[C@@H](CS)NC(=O)[C@@H](C(C)C)CC(=O)C[C@@H](/C=C/CCS)OC(=O)[C@H](C(C)C)NC1=O
51,CN1CCN(CCCN(C(=O)Nc2ccc(F)c(C(F)(F)F)c2)[C@@H]2CC[C@]3(c4ccc(C#N)cc4)C[C@H]23)CC1
52,COc1cc(N2C(=O)N(c3ccc(-c4ccc(C(N)=O)cc4)cc3)C(=O)C23CCN(Cc2ncccc2C)CC3)ncn1
53,CC1=C(C(=O)Nc2ccc3[nH]ncc3c2)C(c2ccc(F)c(C(=O)NCc3c(F)cccc3F)c2)NC(=O)N1
54,O=C(NCc1cc(C(F)(F)F)cc(C(F)(F)F)c1)C(CCN1CCC2(CC1)OCCc1ccccc12)c1ccc(F)cc1
55,O=C(NO)C1(S(=O)(=O)c2ccc(Oc3ccc(OC(F)(F)F)cc3)cc2)CCC2(CCNCC2)C1
56,CC(=O)N[C@H]1[C@H](O[C@H]2[C@@H](O)[C@@H](NC(C)=O)[C@H](O[C@@H]3[C@@H](CO)[C@@H]4OC(N(C)C)=N[C@@H]4[C@H]3O)O[C@@H]2CO)O[C@H](CO)[C@@H](O)[C@H]1O
57,CN(C(=O)n1nnc(Cc2ccc(-c3ccccc3)cc2)n1)C1CCCCC1
58,COc1ccc(NC(=O)NNc2nc3ccccc3c(=O)n2-c2cccc(OC(C)C)c2)cc1
59,COCCC(C(=O)O)[C@@H]1c2ccccc2C[C@H]1NC(=O)c1cc2sc(Cl)c(Cl)c2[nH]1
60,CC[C@H](C)[C@@H]1NC(=O)[C@@H](NC(=O)[C@H](CO)NC(=O)[C@@H](N)CCCNC(=N)N)CSSC[C@@H](C(=O)O)NC(=O)[C@H]([C@@H](C)O)NC(=O)CNC(=O)[C@@H]2CSSC[C@@H]3NC(=O)[C@H](CCC(N)=O)NC(=O)[C@H](Cc4ccccc4)NC(=O)[C@H](C)NC(=O)[C@H]([C@@H](C)O)NC(=O)[C@H](CSSC[C@H](NC(=O)[C@H](CCCCN)NC(=O)[C@H](CO)NC(=O)[C@H](CC(C)C)NC(=O)[C@H](CCCNC(=N)N)NC(=O)[C@H](Cc4ccc(O)cc4)NC(=O)[C@H](CCCCN)NC(=O)[C@H](CCSC)NC(=O)[C@H](CO)NC(=O)[C@H](Cc4cnc[nH]4)NC(=O)[C@H](CCCCN)NC3=O)C(=O)N[C@@H](CCCNC(=N)N)C(=O)N[C@@H](CCCCN)C(=O)N[C@@H]([C@@H](C)O)C(=O)N2)NC(=O)[C@H](CCCNC(=N)N)NC(=O)[C@H](CO)NC(=O)[C@H](CCCCN)NC(=O)[C@@H]2CCCN2C(=O)[C@H]([C@@H](C)CC)NC(=O)[C@H]([C@@H](C)O)NC(=O)[C@H](CC(=O)O)NC1=O
61,Cc1c(OCCNCCCF)ncnc1[C@@H]1c2[nH]c3ccccc3c2C[C@@H](C)N1CC(F)(F)CO
62,CN[C@@H]1C[C@H]2O[C@@](C)([C@@H]1OC)n1c3ccccc3c3c4c(c5c6ccccc6n2c5c31)C(=O)NC4
63,C[C@]1(c2cc(/C=C(\F)c3ccc(C#CC4CC4)cn3)ccc2F)N=C(N)S[C@@]2(C(=O)N3CCOCC3)C[C@H]21
64,CN(C)C(=O)[C@]12C[C@H]1[C@@](C)(c1cc(/C=C(\F)c3ncc(C#N)cn3)ccc1F)N=C(N)S2
65,O=P(O)(O)C(F)(F)c1ccc(CC(Cc2ccc(C(F)(F)P(=O)(O)O)cc2)(c2nc3ccccc3s2)n2nnc3ccccc32)cc1
66,N#Cc1ccccc1Cn1c(N2CCC[C@@H](N)C2)nc(-c2ccccc2)cc1=O
67,CN(C)C(=O)[C@]12C[C@H]1[C@@](C)(c1cc(/C=C(\F)c3cnc(C#N)cn3)ccc1F)N=C(N)S2
68,C[C@@H](O)[C@H](NC(=O)[C@H]1NC(=O)[C@H]([C@@H](C)O)NC(=O)[C@H](CCCN)NC(=O)[C@@H](Cc2c[nH]c3ccccc23)NC(=O)[C@H](Cc2ccc(O)cc2)NC(=O)[C@@H](NC(=O)[C@H](N)Cc2ccccc2)CSSC1(C)C)C(N)=O
69,N#Cc1cnc(C(=O)CCCCCCc2ccccc2)o1
70,CN(C)N/N=C1/N=CN=C1C(N)=O
71,COCCOc1ccccc1N1CCN(C(=O)[C@]2(Oc3ccc(C(F)(F)F)cc3)CCCN(C(=O)c3cnccc3C(F)(F)F)[C@@H]2CC(O)CO)CC1.Cl
72,CN(C)C(=O)[C@]12C[C@H]1[C@@](C)(c1cc(/C=C(\F)c3cnc(OCC(F)(F)F)cn3)ccc1F)N=C(N)S2
73,O=C(NC1CCN(Cc2ccn(-c3ccc(C(F)(F)F)cc3)c2)CC1)NC12CC3CC(CC(O)(C3)C1)C2
74,CC[C@H](C)[C@H](NC(=O)[C@H](CCC(N)=O)NC(=O)[C@H](Cc1ccc(O)cc1)NC(=O)[C@H](CCCCN)NC(=O)[C@@H]1CSSCC2NC(=O)[C@H](CCC(N)=O)NC(=O)[C@H](CC(=O)O)NC(=O)[C@H](CC(N)=O)NC(=O)[C@H](CO)NC(=O)[C@@H]3CCCN3C(=O)[C@H](CC(N)=O)NC(=O)[C@@H]3CSSCC(NC(=O)[C@H](C(C)C)NC(=O)[C@H](CC(C)C)NC(=O)[C@H](CCCCN)NC(=O)[C@H](CO)NC(=O)[C@H](CO)NC(=O)[C@H](CCCCN)NC(=O)C(CSSC[C@H](NC(=O)[C@@H](N)CCC(=O)O)C(=O)N[C@@H](CC(C)C)C(=O)N[C@@H](CCC(=O)O)C(=O)N[C@@H]([C@@H](C)CC)C(=O)N[C@@H](Cc4ccccc4)C(=O)N[C@@H](CCCCN)C(=O)N[C@@H](C)C(=O)N3)NC2=O)C(=O)N[C@@H](CO)C(=O)N[C@@H](CCCNC(=N)N)C(=O)N[C@@H](CCCCN)C(=O)N[C@@H]([C@@H](C)O)C(=O)N[C@@H](CCCNC(=N)N)C(=O)N[C@@H](Cc2c[nH]c3ccccc23)C(=O)N1)C(=O)O
75,O=C(N[C@@H](CC1CCCCC1)C(=O)C(F)(F)C(=O)NCCN1CCOCC1)[C@H](Cc1cnc[nH]1)NC(=O)[C@H](Cc1ccccc1)NS(=O)(=O)N1CCOCC1
76,O=P(O)(O)C(Cc1ccc2ccccc2c1)N[C@@H](Cc1ccc(-c2ccccc2)cc1)c1nnn[nH]1
77,Cc1cc(C#N)cc(C)c1Oc1nc(Nc2ccc(C#N)cc2)nc(N)c1Br
78,CN(C/C=C/C=C/c1ccc(-c2ccccc2)cc1)Cc1ccc2c(c1)OCCC2.Cl
79,C[C@H](NC(=O)[C@@H](CO)NS(=O)(=O)c1cccc2ccccc12)C(=O)NC(Cc1ccc(N=C(N)N)cc1)P(=O)(Oc1ccccc1)Oc1ccccc1
80,CNC(=O)[C@]12C[C@H]1[C@@](C)(c1cc(/C=C(\F)c3ccc(C(F)(F)F)cn3)ccc1F)N=C(N)S2
81,CN(Cc1ccc2ccccc2c1)C(=O)n1nnc(Cc2ccc(-c3ccccc3)cc2)n1
82,O=S(=O)(c1ccc(Cl)cc1)[C@@]12CCC[C@@]3(CCOC3)[C@@H]1COc1c(F)ccc(F)c12
83,CN(C)C(=O)n1nnnc1Cc1ccc(-c2cccc(C(N)=O)c2)cc1
84,Cc1ccc(-n2nc(C3CC3)cc2NC(=O)Nc2ccc(Oc3ccnc4[nH]c(=O)cnc34)c3ccccc23)cc1
85,CNC(=O)c1cc(Oc2ccc(NC(=O)Nc3ccc(Cl)c(C(F)(F)F)c3)cc2)ccn1
86,C[C@]1(c2cc(/C=C(\F)c3ccc(C#C[Si](C)(C)C)cn3)ccc2F)N=C(N)S[C@@]2(C(=O)N3CCOCC3)C[C@H]21
87,Cc1nn(C)c(C)c1-c1nc2c(N3CCN(Cc4cccnc4)CC3)c(Br)cnc2[nH]1
88,N[C@@H]1CCCN(c2c(C=C3SC(O)=NC3=O)cccc2-c2ccccc2)C1
89,CC1(C)C(=O)N(c2ccc(C#N)c(C(F)(F)F)c2)C(=S)N1c1ccc(Cn2ccc3cc(/C=C/C(=O)NO)ccc32)c(F)c1
90,CNC(=O)[C@]12C[C@H]1[C@@](C)(c1cc(/C=C(\F)c3cnc(Br)cn3)ccc1F)N=C(N)S2
91,COc1cc(OC)cc(-c2nnc([C@@]3(Cc4ccccc4)OC(=O)N([C@H](C)c4ccccc4)C3=O)o2)c1
92,CC(C)Oc1cc([C@@](Cc2ccccc2)(NC[C@H](O)CC(F)(F)F)c2cc(F)cc(OC(F)(F)C(F)F)c2)ccc1F
93,CC[C@H](C)[C@@H]1NC(=O)[C@@H](NC(=O)[C@H](CO)NC(=O)[C@@H](N)CCCNC(=N)N)CSSC[C@@H](C(=O)O)NC(=O)[C@H]([C@@H](C)O)NC(=O)CNC(=O)[C@@H]2CSSC[C@@H]3NC(=O)[C@H](CCC(N)=O)NC(=O)[C@H](Cc4ccccc4)NC(=O)[C@H](C)NC(=O)[C@H]([C@@H](C)O)NC(=O)[C@H](CSSC[C@H](NC(=O)[C@H](Cc4ccccc4)NC(=O)[C@H](CO)NC(=O)[C@H](CC(C)C)NC(=O)[C@H](CCCNC(=N)N)NC(=O)[C@H](Cc4ccc(O)cc4)NC(=O)[C@H](CCCCN)NC(=O)[C@H](CCSC)NC(=O)[C@H](CO)NC(=O)[C@H](Cc4cnc[nH]4)NC(=O)[C@H](CCCCN)NC3=O)C(=O)N[C@@H](CCCNC(=N)N)C(=O)N[C@@H](CCCCN)C(=O)N[C@@H]([C@@H](C)O)C(=O)N2)NC(=O)[C@H](CCCNC(=N)N)NC(=O)[C@H](CO)NC(=O)[C@H](CCCCN)NC(=O)[C@@H]2CCCN2C(=O)[C@H](CCCNC(=N)N)NC(=O)[C@H]([C@@H](C)O)NC(=O)[C@H](CC(=O)O)NC1=O
94,Cc1cc(Nc2nc(N[C@@H](C)c3ncc(F)cn3)nc(N3CCOCC3)c2Cl)[nH]n1
95,O=C(NCC1(c2nc(-c3ccccc3)cs2)CCOCC1)c1cccc(-c2noc(C(F)(F)F)n2)c1
96,CCOC(=O)c1[nH]cc2c1NC1=C(C(=O)CCC1)C2c1ccc(Sc2nc3cc(F)ccc3[nH]2)o1
97,CN(Cc1ccc2ccccc2c1)C(=O)n1nnnc1Cc1ccc(-c2ccccc2)cc1
98,O=P(O)(O)O[C@H]1[C@@H](O)[C@@H](OP(=O)(O)O)[C@H](O)[C@@H](OP(=O)(O)O)[C@@H]1OP(=O)(O)O
99,CN(C)C(=O)c1cc2cnc(Nc3ccc(C(=O)N4CC5CCC(C4)N5)cn3)nc2n1[C@H]1C[C@@H]2CC[C@H]1C2
100,C/C=C1/NC(=O)[C@@H](CS)NC(=O)[C@@H](C(C)C)NC(=O)C[C@@H](/C=C/CCS)OC(=O)[C@H](C(C)C)NC1=O
101,CC[C@H](C)[C@H](NC(=O)[C@H](CCCN=C(N)N)NC(=O)[C@H](CCCN=C(N)N)NC(=O)[C@H](CC(C)C)NC(=O)[C@H](Cc1ccccc1)NC(=O)[C@H](NC(=O)CNC(=O)[C@@H](N)Cc1ccc(O)cc1)[C@H](C)CC)C(=O)N[C@@H](CCCN=C(N)N)C(=O)N1CCC[C@H]1C(=O)N[C@@H](CCCCN)C(N)=O
102,CN(C)C(=O)[C@]12C[C@H]1[C@@](C)(c1cc(/C=C(\F)c3ccc(Cl)cn3)cnc1F)N=C(N)S2
103,CCCC[C@H](NC(=O)[C@H](CC(=O)O)NC(=O)[C@H](Cc1ccccc1)NN[C@@H](Cc1ccccc1)C(=O)NCC(=O)N[C@H](C)C(=O)N[C@@H](Cc1ccc(O)cc1)C(=O)O)C(=O)N[C@H](Cc1c[nH]c2ccccc12)C(=O)O
104,CC(=O)Nc1cc(-c2c(Nc3ccn(C)n3)nc3ccc(-c4cnn(C(C)C)c4)cn23)nc(C)n1
105,CC(=O)N1CCC(C(=O)N2C[C@@H](c3nc(C(C)(C)c4cc(C(F)(F)F)cc(C(F)(F)F)c4)no3)[C@H](c3ccc(F)cc3C)C2)CC1
106,O=C(Cc1ccc2ccccc2c1)NNC(=O)c1ccc([N+](=O)[O-])o1
107,O=C(O)[C@@H]1[C@@H](SCCc2ccc(-c3ccc(Cl)cc3)cc2)CC[C@H]1CN1C(=O)c2ccccc2C1=O
108,CC(=O)N1CCC(C(=O)N2C[C@H](c3ccc(F)cc3C)[C@@H](c3noc(C(C)(C)c4cc(C(F)(F)F)cc(C(F)(F)F)c4)n3)C2)CC1
109,O=c1cc(N2CCOCC2)nc(Cc2nc3ccccc3n2-c2ccccc2)[nH]1
110,CN(C)C(=O)[C@]12C[C@H]1[C@@](C)(c1cc(/C=C(\F)c3cnc(OCC4COC4)cn3)ccc1F)N=C(N)S2
111,CC(C)[C@@H](NS(=O)(=O)c1ccc(-c2ccc(COc3ccc(C(=O)C4CCCCC4)cc3)cc2)cc1)C(=O)O
112,O=C1NC(=O)C(CCO)(c2ccc(Oc3ccccc3)cc2)C(=O)N1
113,CCCCCCOC(=O)[C@]1(O)C[C@@H]2O[C@@]1(C)n1c3ccccc3c3c4c(c5c6ccccc6n2c5c31)C(=O)NC4
114,Cc1nnc(C(C)C)n1[C@H]1C[C@@H]2CC[C@H](C1)N2CC[C@H](NC(=O)C1CCC(F)(F)CC1)c1ccccc1
115,CC1(C)CC(NC(=O)c2cccc(-c3cc4nccc(Nc5cccc(O)c5)n4n3)c2)CC(C)(C)N1[O]
116,CC(=O)NCCc1ccccc1-c1onc([C@H]2CNCC[C@]2(OCC(O)CO)c2ccc(F)c(F)c2)c1Br
117,CC(C)Oc1cc(-n2cnc3ccc(N[C@@H](C)c4ccc(F)cn4)nc32)n[nH]1
118,CC(N=Nc1nc2ccccc2nc1Cc1ccccc1)c1ccccn1
119,C[C@H](c1ccccc1)N1C(=O)O[C@](Cc2ccccc2)(c2nnc(C3(c4ccccc4)CC3)o2)C1=O
120,CC1=N[C@]2(C[C@@H]([C@@H]3CCCOC3)Oc3ccc(-c4cccc(Cl)c4)cc32)N=C1N
121,c1cncc(-c2cnn3cc(-c4ccc(OCCN5CCCCC5)cc4)cnc23)c1
122,C[C@]1(c2cc(/C=C(\F)c3ccc(C#N)cn3)ccc2F)N=C(N)S[C@@]2(C(=O)N3CCN(c4ccccc4)CC3)C[C@H]21
123,CNC(=O)[C@]12C[C@H]1[C@@](C)(c1cc(/C=C(/F)c3ccc(Br)cn3)ccc1F)N=C(N)S2
124,COc1cc(Nc2ncc(F)c(Nc3ccc4c(n3)NC(=O)C(C)(C)O4)n2)cc(OC)c1OC
125,CC(C)ON([C@H](CCNC(=O)OCc1ccccc1)C(=O)NO)S(=O)(=O)c1ccc(-c2ccccc2)cc1
126,CCCCCCOc1ccc(-n2ccnc2)cn1
127,O=S(=O)(c1ccc(Cl)cc1)C12CCC[C@]3(CCN(S(=O)(=O)C(F)(F)F)C3)C1COc1c(F)ccc(F)c12
128,CN[C@H](C(=O)N1CCC[C@H]1C(=O)N[C@@H](CCCNC(=N)N)C(=O)O)c1ccccc1
129,CN(C)c1ccnc2sc3c(=O)n(CC4CCCC4)cnc3c12
130,C[C@]1(c2cc(/C=C(\F)c3ccc(Br)cn3)ccc2F)N=C(N)S[C@@]2(C(=O)N3CCOCC3)C[C@H]21
131,CC(C)(CO)NC(=O)c1c[nH]c2ncc(-c3nn(CCC(O)CO)c4cc(F)ccc34)nc12
132,COCCOc1cnc(/C(F)=C/c2ccc(F)c([C@@]3(C)N=C(N)S[C@@]4(C(=O)N(C)C)C[C@H]43)c2)cn1
133,O=C(O)[C@@H]1[C@@H](S(=O)(=O)CCc2ccc(-c3ccc(Cl)cc3)cc2)CC[C@H]1Cn1nnc2ccccc2c1=O
134,CN1CCN(c2ccc(C(=O)Nc3ccc([C@@H]4C[C@H]4N)cc3)cc2NC(=O)OCc2ccccc2)CC1.Cl.Cl
135,CC1(C)C(=O)N(C2CCCCCC2)CC1COc1ccc(C#N)cn1
136,C[C@@H]1CC[C@@H](C)N1C(=O)[C@]12C[C@H]1[C@@](C)(c1cc(/C=C(\F)c3ccc(C#N)cn3)ccc1F)N=C(N)S2
137,Cc1nn(C)cc1-c1nc2ncc(Cl)c(Oc3ccc(C(=O)NC4CCC4)cc3)c2[nH]1
138,Cc1ccc2c(-c3cnn4cc(-c5ccc(OCCN6CCCCC6)cn5)cnc34)cccc2n1
139,Nc1ncnc2c1ncn2[C@@H]1O[C@H](COP(=O)(O)O[C@@H]2[C@H](O)[C@@H](COP(=O)(O)O[C@@H]3[C@H](O)[C@@H](COP(=O)(O)O)O[C@H]3n3cnc4c(N)ncnc43)O[C@H]2n2cnc3c(N)ncnc32)[C@@H](O)[C@H]1O
140,CC[C@H](C)[C@@H]1NC(=O)[C@@H](Cc2ccccc2)NC(=O)[C@@H]2CCCN2C(=O)[C@@H](Cc2cnc[nH]2)NC(=O)[C@@H]2CCCCN2C(=O)[C@H]2CCCCN2C1=O
141,COC(=O)[C@@H]1C[C@@H](OS(=O)(=O)c2ccccc2)CN1S(=O)(=O)c1ccccc1
142,CC1(C)SSC(C)(C)[C@@H](NC(=O)[C@@H](N)Cc2ccc(O)c(I)c2)C(=O)NCC(=O)N[C@@H](Cc2ccccc2)C(=O)N[C@H]1C(=O)O
143,CN(C)C(=O)[C@]12C[C@H]1[C@@](C)(c1cc(/C=C(\F)c3ccc(C#N)cc3F)ccc1F)N=C(N)S2
144,NC(=O)c1nnc(N[C@@H]2CCCC[C@@H]2N)nc1Nc1cccc2cc[nH]c12
145,COc1ccc2c(c1)[C@]1(C[C@H]1c1ccc3c(/C=C/c4ccc([C@H](C)N5CCOCC5)cc4)n[nH]c3c1)C(=O)N2C
146,NC(=O)[C@H](Cc1c[nH]c2ccccc12)NC(=O)[C@H](Cc1ccccc1)NC(=O)[C@@H]1CCCN1C(=O)[C@@H](N)Cc1ccc(O)cc1
147,CN(C)C(=O)[C@]12C[C@H]1[C@@](C)(c1cc(/C=C(\F)C#Cc3ccccc3)ccc1F)N=C(N)S2
148,C#CCOc1cnc(/C(F)=C/c2ccc(F)c([C@@]3(C)N=C(N)S[C@@]4(C(=O)N5[C@H]6COC[C@@H]5COC6)C[C@H]43)c2)cn1
149,C[C@@H]1Cc2c([nH]c3ccccc23)[C@@H](c2nccc(OCCNCCCF)c2F)N1CC(F)(F)CO
150,Cc1noc(C)c1-c1[nH]c2ccccc2c1CCNCc1ccc(/C=C/C(=O)NO)cc1
151,c1cc(-c2cnn3cc(-c4ccc(OCCN5CCCCC5)cc4)cnc23)ccn1
152,O=P(O)(O)c1cccc(-c2ccc(CC(Cc3ccc(C(F)(F)P(=O)(O)O)cc3)(c3ccccc3)n3nnc4ccccc43)cc2)c1
153,C[C@H]1[C@@H](F)CCN1C(=O)[C@]12C[C@H]1[C@@](C)(c1cc(/C=C(\F)c3ccc(C#N)cn3)ccc1F)N=C(N)S2
154,NC(N)=NCCCC(NC(=O)[C@@H]1CCCN1C(=O)[C@@H](N)Cc1ccccc1)C(=O)c1nc2ccccc2s1
155,C[C@]1(C(=O)[C@H](Cc2ccccc2)NC(=O)[C@H](CO)NC(=O)c2cccc(=O)[nH]2)CO1
156,O=S1(=O)CCC2(CCC[C@@]3(S(=O)(=O)c4ccc(Cl)cc4)c4c(F)ccc(F)c4OC[C@@H]23)CC1
157,c1cc(-c2cnn3cc(-c4ccc(OCCN5CCCCC5)cc4)cnc23)c2cccnc2c1
158,COc1cc(C2c3cc4c(cc3C(OC3OC5COC(c6cccs6)OC5C(O)C3O)C3COC(=O)C23)OCO4)cc(OC)c1O
159,CN(C)C(=O)n1nnnc1Cc1ccc(-c2cccc(CO)c2)cc1
160,CNC1=C(C(=N)C2CC2)C(=O)N(c2cc(C)c3nnc(C)n3c2)C1c1ccc(Cl)cc1
161,CC(=O)N1CCC(C(=O)N2C[C@H](c3ccc(F)cc3C)[C@@H](c3nc(C(C)(C)c4cc(C(F)(F)F)cc(C(F)(F)F)c4)no3)C2)CC1
162,O=C(O)c1cccc(-c2noc(C(=O)CCCCCCc3ccccc3)n2)n1
163,COc1ccc(CC(C)(C)NC[C@H](O)COc2cccc3[nH]c(=O)[nH]c23)cc1
164,Cc1nc2cc(-n3ncc(C(=O)c4cc5ccc(-c6ccccc6)cc5[nH]4)c3N)ccc2[nH]1
165,C=CC[C@H](NC(=O)[C@@H](NS(=O)(=O)N1CCOCC1)C(O)c1ccccc1)C(=O)N[C@@H](CC1CCCCC1)C(O)C(F)(F)C(=O)NCCN1CCOCC1
166,COCCCc1cc(CN(C(=O)[C@H]2CNCC[C@@H]2c2ccc(OCCOc3c(Cl)cc(C)cc3Cl)cc2)C2CC2)cc(OCC2(Cc3nnn[nH]3)CC2)c1
167,C[C@H]1CN([C@H]2C[C@@H](C(=O)Nc3ccccc3)N(C(=O)/C=C/c3cc(Cl)ccc3-n3cnnn3)C2)CCN1S(N)(=O)=O
168,CCN1CCN(Cc2ccc(NC(=O)CNc3ccc(-c4ccc(NC(=O)C5CC5)nc4)cc3)cc2C(F)(F)F)CC1
169,CC(C)(C)OC(=O)NC(C(=O)N1CCC[C@H]1C(=O)NC(C=O)CCCNC(=N)N)c1cccc(C(F)(F)F)c1
170,CCOC(=O)c1nn(-c2ccccc2)/c(=N/c2nc(-c3ccccc3)cc(-c3ccccc3)c2C#N)s1
171,O=C1NC(Nc2ccccc2)=NC1=Cc1ccc2c(c1)OCO2
172,Cc1ccc(C(=O)Nc2ccc(CN3CCN(C)CC3)c(C(F)(F)F)c2)cc1C#Cc1cnc2cccnn12
173,OCCN1CCN(CCCN2c3ccccc3Sc3ccc(Cl)cc32)CC1
174,C=CC[C@H](NC(=O)[C@H](Cc1ccccc1)NC(=O)OC(C)(C)C)C(=O)N[C@@H](CC1CCCCC1)C(O)C(F)(F)C(=O)NCCN1CCOCC1
175,C#CCOc1cnc(/C(F)=C/c2ccc(F)c([C@@]3(C)N=C(N)S[C@]4(CO)[C@H]3C4(F)F)c2)cn1
176,Cn1c(=O)c(Cc2ccc(C(=N)N)cc2)nc2cc(C3(C(=O)N4CCCC4CO)CC3)ccc21
177,NC(=O)c1cnc(N(CCO)[C@H]2CCCNC2)c2cc(-c3ccccc3)sc12
178,Cc1[nH]c(C(=O)NC2CCN(c3ncc(C(=O)O)s3)CC2)c(Cl)c1Cl
179,COc1cc(NC(=O)c2cccc(-n3cc(NC(=O)Nc4ccccc4Cl)cn3)c2)cc(OC)c1OC
180,COc1ccc2nc(SCc3ccc(C(C)C)cc3)[nH]c2c1
181,CC1CC(C)CN(C(=O)[C@]23C[C@H]2[C@@](C)(c2cc(/C=C(\F)c4ccc(C#N)cn4)ccc2F)N=C(N)S3)C1
182,CC[C@H](C)[C@@H]1NC(=O)[C@@H]2CSSC[C@@H]3NC(=O)[C@H](C(C)C)NC(=O)[C@H](CC(C)C)NC(=O)[C@H](CC(N)=O)NC(=O)[C@@H]4CCCN4C(=O)[C@H](CCCNC(=N)N)NC(=O)[C@H](CSSC[C@H](NC(=O)[C@@H](N)CC(=O)O)C(=O)N[C@@H](CC(C)C)C(=O)N[C@@H](CCCCN)C(=O)N[C@@H](Cc4ccccc4)C(=O)N[C@@H](CCSC)C(=O)N[C@@H](CCCNC(=N)N)C(=O)N[C@@H](CCCCN)C(=O)N2)NC(=O)[C@H](CSSC[C@@H](C(=O)N[C@@H](CCCCN)C(=O)N[C@@H](Cc2ccc(O)cc2)C(=O)N[C@H](C(=O)N[C@@H](Cc2ccccc2)C(N)=O)C(C)C)NC(=O)[C@H](Cc2c[nH]c4ccccc24)NC(=O)[C@H](CCCCN)NC(=O)[C@H](Cc2cnc[nH]2)NC(=O)[C@H]([C@@H](C)O)NC(=O)[C@H](CCCNC(=N)N)NC(=O)[C@H](CO)NC3=O)NC(=O)[C@H](CCCCN)NC(=O)[C@H](CC(=O)O)NC(=O)[C@H](CC(N)=O)NC(=O)[C@H](CC(=O)O)NC(=O)[C@@H]2CCCN2C1=O
183,CCn1cc(-c2ccnc3[nH]c(-c4cccc(CN(C)C)c4)cc23)c(-c2ccc(NC(=O)N(C)C)cc2)n1
184,NC(=O)c1ccc2[nH]cc(C[C@H](NC(=O)c3ccc4c(c3)nc(-c3ccoc3)n4C3CCCCC3)C(=O)O)c2c1
185,CC(C)CC(=O)N[C@H](C(=O)N[C@H](C(=O)N[C@@H](CC(C)C)[C@@H](O)CC(=O)N[C@@H](C)C(=O)N[C@@H](CC(C)C)[C@@H](O)CC(=O)O)C(C)C)C(C)C
186,CNC(=O)[C@]12C[C@H]1[C@@](C)(c1cc(/C=C(\F)c3ccc(Cl)cn3)ccc1F)N=C(N)S2
187,C[C@@H](O)[C@@H]1NC(=O)[C@H](CCCCN)NC(=O)[C@@H](Cc2c[nH]c3ccccc23)NC(=O)[C@H](Cc2ccccc2)NC(=O)[C@@H](NC(=O)[C@H](N)Cc2ccccc2)CSSC[C@@H](C(=O)N[C@H](CO)[C@@H](C)O)NC1=O
188,Cc1cc(Nc2cc(N[C@@H]3CCCC[C@@H]3N)cnc2C(N)=O)nc(-n2nccn2)n1
189,CC1(c2ccc(Oc3ccccc3)cc2)C(=O)NC(=O)NC1=O
190,CC[C@H](C)[C@H](NC(=O)[C@H](Cc1ccc(O)cc1)NC(=O)[C@H](Cc1cnc[nH]1)NC(=O)[C@H](CCCNC(=N)N)NC(C)=O)C(=O)N[C@@H](CC(N)=O)C(=O)N[C@H](C(=O)N[C@H](C(=O)N[C@H](C(=O)N[C@@H](CCCNC(=N)N)C(=O)N[C@@H](CCC(N)=O)C(=O)N[C@@H](CCCNC(=N)N)C(=O)N[C@@H](Cc1ccc(O)cc1)C(=O)O)[C@@H](C)O)[C@@H](C)CC)C1CCCCC1
191,CC[C@]1(O)C[C@@H]2CN(CCc3c([nH]c4ccccc34)[C@@](C(=O)OC)(c3cc4c(cc3OC)N(C)[C@H]3[C@@](O)(C(=O)OC)[C@H](OC(C)=O)[C@]5(CC)C=CCN6CC[C@]43[C@@H]65)C2)C1
192,OCC(CO)N[C@H]1C[C@](O)(CO)[C@@H](O)[C@H](O)[C@H]1O
193,CN(C/C=C/c1ccc(-c2ccccc2)cc1)Cc1cccc2cc[nH]c12.Cl
194,O=C(Nc1nc2cccc(-c3ccc(CN4CCS(=O)(=O)CC4)cc3)n2n1)C1CC1
195,CC(=O)N[C@H](C(=O)N[C@@H](CC(=O)O)C(=O)N[C@H](C(=O)N1CC[C@H](CC(C)(C)C)[C@H]1C(=O)N[C@H]1CC(=O)OC1O)C(C)C)C(C)C
196,CC(C)C[C@@H](NC(=O)[C@@H](NC(=O)N[C@H](C(=O)O)C(C)C)[C@@H]1CCN=C(N)N1)C(=O)NCCCN[C@H](C(=O)O)[C@H](O[C@@H]1O[C@H](CN)[C@@H](O)[C@H]1O)[C@H]1O[C@@H](n2ccc(=O)[nH]c2=O)[C@H](O)[C@@H]1O
197,CNC(=O)[C@]12C[C@H]1[C@@](C)(c1cc(/C=C(\F)c3cnc(C#C[Si](C)(C)C)cn3)ccc1F)N=C(N)S2
198,COc1ccc2c(c1)[C@]1(C[C@H]1c1ccc3c(/C=C/c4ccc(CN5CCOCC5)cc4)n[nH]c3c1)C(=O)N2C
199,COC(=O)[C@@]12SC(N)=N[C@](C)(c3cc(/C=C(\F)c4ccc(C#N)cn4)ccc3F)[C@@H]1C2(F)F
200,CC(=O)N[C@@H](Cc1cnc[nH]1)C(=O)N[C@H](Cc1ccccc1)C(=O)N[C@@H](CCCNC(=N)N)C(=O)N[C@@H](Cc1c[nH]c2ccccc12)C(=O)NCCCOCCOCCOCCCNC(=O)COCC(=O)NCCCOCCOCCOCCCNC(=O)COCC(=O)N[C@@H](Cc1cnc[nH]1)C(=O)N[C@H](Cc1ccccc1)C(=O)N[C@@H](CCCNC(=N)N)C(=O)N[C@@H](Cc1c[nH]c2ccccc12)C(N)=O
201,CC(=O)N[C@@H](Cc1cnc[nH]1)C(=O)N[C@H](Cc1ccccc1)C(=O)N[C@@H](CCCNC(=N)N)C(=O)N[C@@H](Cc1c[nH]c2ccccc12)C(=O)NCCCOCCOCCOCCCNC(=O)COCC(N)=O
202,O=P(O)(O)C(F)(F)c1ccc(/C=C/CC(Cc2ccc(C(F)(F)P(=O)(O)O)cc2)(c2ccccc2)n2nnc3ccccc32)cc1
203,CN(C)C(=O)[C@]12C[C@H]1[C@@](C)(c1cc(/C=C(\F)c3cnc(OCC(F)F)cn3)ccc1F)N=C(N)S2
204,COc1cc(N2C(=O)N(c3ccc(-c4ccccc4)cc3)C(=O)C23CCN(Cc2ncccc2C)CC3C(=O)O)ncn1
205,CN[C@@H](C)C(=O)N[C@H]1CN(C(=O)c2ccc(C(=O)NCC3CCCCC3)cc2)c2ccccc2N(Cc2c(OC)ccc3cc(Br)ccc23)C1=O
206,OCCOCCN1CCN(C2=Nc3ccccc3Sc3ccccc32)CC1
207,NS(=O)(=O)c1ccc(Cc2c(-c3ccccc3)nn(-c3nc(C(=O)O)cs3)c2C2CC2)cc1
208,FC(F)c1nc2ccccc2n1-c1nc(N2CCOCC2)nc(N2CCOCC2)n1
209,C[C@@]12CN(C(=O)Nc3ccnn3-c3ccccc3)CCN1C(=O)N([C@H]1C[C@@H]1c1ccccc1)C2=O
210,O=C(NCCNC(=O)c1ccc(-c2ccccc2)cc1)c1ccc(O[C@H]2C3CC4CC2C[C@](C(=O)O)(C4)C3)cc1
211,NC[C@@H]1O[C@H](O[C@@H]2[C@@H](CO)O[C@@H](O[C@@H]3[C@@H](O)[C@H](N)C[C@H](N)[C@H]3O[C@H]3O[C@H](CN)[C@@H](O)[C@H](O)[C@H]3N)[C@@H]2O)[C@H](N)[C@@H](O)[C@@H]1O
212,CC(C)[C@@H]1COCCN1C(=O)[C@]12C[C@H]1[C@@](C)(c1cc(/C=C(\F)c3ccc(C#N)cn3)ccc1F)N=C(N)S2
213,CN(C)C(=O)[C@]12C[C@H]1[C@@](C)(c1cc(/C=C(\F)c3ccc(C#N)cn3)ccc1F)N=C(N)S2
214,C#Cc1ccc(/C(F)=C/c2ccc(F)c([C@@]3(C)N=C(N)S[C@@]4(C(=O)N(C)C)C[C@H]43)c2)nc1
215,C[C@](NC(=O)C(F)(F)F)(C(=O)N1CCC[C@H]1C(=O)N[C@H](C=O)CCCNC(=N)N)c1ccccc1
216,CN(C)C(=O)[C@]12C[C@H]1[C@@](C)(c1cc(/C=C(\F)c3cnc(OCC#N)cn3)ccc1F)N=C(N)S2
217,[2H]C1([2H])OC(N)=N[C@]12c1cc(-c3cncnc3)ccc1C[C@]21CC[C@@H](OC)[C@H](C)C1
218,C[C@H](N)C(=O)NCC(=O)N[C@H]1CSSC[C@@H](C(=O)O)NC(=O)[C@H](CO)NC(=O)[C@H]([C@@H](C)O)NC(=O)[C@H](Cc2ccccc2)NC(=O)[C@H]([C@@H](C)O)NC(=O)[C@H](CCCCN)NC(=O)[C@H](Cc2c[nH]c3ccccc23)NC(=O)[C@H](Cc2ccccc2)NC(=O)[C@H](Cc2ccccc2)NC(=O)[C@H](CC(N)=O)NC(=O)[C@H](CCCCN)NC1=O
219,C[C@H]1[C@H](/C=C/c2ccc(-c3cccc(F)c3)cn2)[C@@H]2[C@@H](C)OC(=O)[C@]2(c2n[nH]c(=O)o2)CC1(F)F
220,Cc1nc(C)c(-c2csc(Nc3ccc(C(=O)N4C5COCC4CC(=O)C5)cn3)n2)s1
221,CC[C@H](C)[C@@H]1NC(=O)[C@@H](NC(=O)[C@H](CO)NC(=O)[C@@H](N)CCCNC(=N)N)CSSC[C@@H](C(=O)N[C@@H](C)C(=O)O)NC(=O)[C@H]([C@@H](C)O)NC(=O)CNC(=O)[C@@H]2CSSC[C@@H]3NC(=O)[C@H](CCCCN)NC(=O)[C@H](Cc4ccccc4)NC(=O)[C@H](C)NC(=O)[C@H]([C@@H](C)O)NC(=O)[C@H](CSSC[C@H](NC(=O)[C@H](Cc4ccccc4)NC(=O)[C@H](CO)NC(=O)[C@H](CC(C)C)NC(=O)[C@H](CCCNC(=N)N)NC(=O)[C@H](Cc4ccc(O)cc4)NC(=O)[C@H](CCCCN)NC(=O)[C@H](CCCCN)NC(=O)[C@H](CO)NC(=O)[C@H](Cc4cnc[nH]4)NC(=O)[C@H](CCCCN)NC3=O)C(=O)N[C@@H](CCCNC(=N)N)C(=O)N[C@@H](CCCCN)C(=O)N[C@@H]([C@@H](C)O)C(=O)N2)NC(=O)[C@H](CCCNC(=N)N)NC(=O)[C@H](CO)NC(=O)[C@H](CCCCN)NC(=O)[C@@H]2CCCN2C(=O)[C@H]([C@@H](C)CC)NC(=O)[C@H]([C@@H](C)O)NC(=O)[C@H](CC(=O)O)NC1=O
222,COC(=O)Nc1ccc(-c2[nH]c([C@@H]3C[C@H](C4CCN(S(C)(=O)=O)CC4)CN3C(=O)/C=C/c3cc(Cl)ccc3-n3cnnn3)nc2Cl)cc1
223,Nc1nccc(Oc2ccc(NC(=O)NC(=O)Cc3ccc(F)cc3)cc2F)c1C#Cc1ccccn1
224,CN(C/C=C/c1ccc(-c2ccccc2)cc1)Cc1ccc2c(c1)OCCC2.Cl
225,C[C@@H](CN1[C@H](C(F)F)Cc2c([nH]c3ccccc23)[C@H]1c1c(F)ccc(OCCNCCCF)c1Cl)C(=O)O
226,CC[C@H](C)[C@@H]1NC(=O)[C@@H](NC(=O)[C@H](CO)NC(=O)[C@@H](N)CCCNC(=N)N)CSSC[C@@H](C(=O)O)NC(=O)[C@H]([C@@H](C)O)NC(=O)CNC(=O)[C@@H]2CSSC[C@@H]3NC(=O)[C@H](CCC(N)=O)NC(=O)[C@H](Cc4ccccc4)NC(=O)[C@H](C)NC(=O)[C@H]([C@@H](C)O)NC(=O)[C@H](CSSC[C@H](NC(=O)[C@H](Cc4ccccc4)NC(=O)[C@H](CO)NC(=O)[C@H](CC(C)C)NC(=O)[C@H](CCCNC(=N)N)NC(=O)[C@H](Cc4ccc(O)cc4)NC(=O)[C@H](CCCCN)NC(=O)[C@H](CCSC)NC(=O)[C@H](CO)NC(=O)[C@H](Cc4cnc[nH]4)NC(=O)[C@H](CCCCN)NC3=O)C(=O)N[C@@H](CCCNC(=N)N)C(=O)N[C@@H](CCCCN)C(=O)N[C@@H]([C@@H](C)O)C(=O)N2)NC(=O)[C@H](CCCNC(=N)N)NC(=O)[C@H](CO)NC(=O)[C@H](CCCCN)NC(=O)[C@@H]2CCCN2C(=O)[C@H](CCC(=O)O)NC(=O)[C@H]([C@@H](C)O)NC(=O)[C@H](CC(=O)O)NC1=O
227,CN1C(=O)c2[nH]c(Cc3ccc(-c4ccccc4)cc3)nc2N2CC3(CCCC3)N=C12
228,CN1CCN(c2ccc(C(=O)Nc3ccc([C@@H]4C[C@H]4N)cc3)cc2)CC1.Cl.Cl
229,Cc1ccc2c(-c3cnn4cc(-c5ccc(N6[C@@H](C)CNC[C@H]6C)cc5)cnc34)cccc2n1
230,CN(C)C(=O)n1nnnc1Cc1ccc(-c2cccc(O)c2)cc1
231,C[C@]1(c2cc(/C=C(\F)c3ccc(C#N)cn3)ccc2F)N=C(N)S[C@@]2(C(=O)N3CCCC(c4ccccc4)C3)C[C@H]21
232,O=C(O[C@H]1C[N+]2(CCCOc3ccccc3)CCC1CC2)C(O)(c1cccs1)c1cccs1
233,N#C[C@H]1CCOC[C@@H]1n1cc(C(N)=O)c(Nc2ccc(C3CC3)cc2)n1
234,O=C(OC[C@H]1O[C@@H](OC(=O)c2cc(O)c(O)c(O)c2)[C@H](OC(=O)c2cc(O)c(O)c(O)c2)[C@@H](OC(=O)c2cc(O)c(O)c(O)c2)[C@@H]1OC(=O)c1cc(O)c(O)c(O)c1)c1cc(O)c(O)c(O)c1
235,C[C@H](NC(=O)[C@@H](CO)NS(=O)(=O)Cc1ccccc1)C(=O)NC(Cc1ccc(N=C(N)N)cc1)P(=O)(Oc1ccccc1)Oc1ccccc1
236,CSCCNc1nc(SCCC(F)(F)F)nc2c1ncn2[C@@H]1O[C@H](COP(=O)(O)OP(=O)(O)C(Cl)(Cl)P(=O)(O)O)[C@@H](O)[C@H]1O
237,CC(Oc1cnc(/C(F)=C/c2ccc(F)c([C@@]3(C)N=C(N)S[C@@]4(C(=O)N(C)C)C[C@H]43)c2)cn1)c1ncco1
238,CN(C)C(=O)[C@]12C[C@H]1[C@@](C)(c1cc(/C=C(\F)c3ccc(Cl)cn3)ccc1F)N=C(N)S2
239,Cc1c(-c2c(F)cc(C(N)=O)c3[nH]c4c(c23)CC[C@H](C(C)(C)O)C4)cccc1-n1c(=O)[nH]c2c(Cl)cccc2c1=O
240,O=P(O)(O)C(F)(F)c1ccc(C(c2ccc(-c3ccccc3-c3nnn[nH]3)cc2)C(c2ccccc2)n2nnc3ccccc32)cc1
241,CC1(C)N=C(N)N=C(N)N1OCCCCOc1ccc(C(=O)/C=C/c2ccccc2)cc1.Cl
242,O=P(O)(O)C(F)(F)c1ccc(CC(Cc2ccc(C(F)(F)P(=O)(O)O)cc2)(c2ccccc2)n2nnc3ccccc32)cc1
243,C#Cc1cccc([C@H]2[C@H](C(=O)O)CCCN2C(=O)n2cnc(-c3ccc(-c4cnc(N5CCOCC5)nc4)cc3)n2)c1
244,C[C@H]1CNC[C@@H](C)N1c1ccc(-c2cnc3c(-c4cccc5[nH]c(=O)ccc45)cnn3c2)cc1
245,CC(C)[N+]1(C)C2CCC1CC(OC(=O)C(CO)c1ccccc1)C2
246,N#C[C@H](Cc1ccc(-c2ccc(C(N)=O)cc2)cc1F)NC(=O)[C@H]1N[C@H]2C[C@@H]1[C@@H]1C[C@H]21
247,COc1cc(Nc2nccc(Oc3ccc(NC(=O)Nc4cc(C(C)C)nn4-c4ccc(OC)nc4)c4ccccc34)n2)cc(C(=O)NCCN2CCOCC2)c1
248,CC[C@H](C)[C@H](NC(=O)[C@H](Cc1ccc(O)cc1)NC(=O)[C@H](Cc1cnc[nH]1)NC(=O)[C@H](CCCNC(=N)N)NC(C)=O)C(=O)N[C@@H](CC(N)=O)C(=O)N[C@H](C(=O)N[C@H](C(=O)N[C@H](C(=O)N[C@@H](CCCNC(=N)N)C(=O)N[C@@H](CCC(N)=O)C(=O)N[C@@H](CCCNC(=N)N)C(=O)N[C@@H](Cc1ccc(O)cc1)C(=O)O)[C@@H](C)O)C1CCCCC1)C1CCCCC1
249,O=C(/C=C/c1ccc(CN(CCO)CCc2c[nH]c3ccccc23)cc1)NO
250,CC#CC(C)(C)Oc1ccc(S(=O)(=O)CC2(C(=O)NO)CCN(S(=O)(=O)C(C)C)CC2)cc1
251,COc1ccc(CNC2=N[C@](C)(c3cc(/C=C(\F)c4ccc(C#N)cn4)ccc3F)[C@@H]3C(F)(F)[C@]3(CO)S2)cc1
252,C[C@]1(c2cc(/C=C(\F)c3cnc(C#CC4CC4)cn3)ccc2F)N=C(N)S[C@@]2(C(=O)N3CCOCC3)C[C@H]21
253,O=P(O)(O)C(F)(F)c1ccc(CC(C/C=C/c2ccccc2)(c2ccccc2)n2nnc3ccccc32)cc1
254,CNC(=O)[C@]12C[C@H]1[C@@](C)(c1cc(/C=C(\F)c3ccc(OC(F)(F)F)cn3)ccc1F)N=C(N)S2
255,CC(C)(C(=O)OC(=O)C(C)(C)C(NC(=O)c1ccc(C#N)cc1)c1ccccc1)C(NC(=O)c1ccc(C#N)cc1)c1ccccc1
256,C[C@@](Cc1c[nH]c2ccccc12)(NC(=O)OC1C2CC3CC(C2)CC1C3)C(=O)NC[C@H](NC(=O)CCC(=O)O)c1ccccc1
257,COc1ccc(-c2ccc3c(c2)NC(=O)/C3=C\c2[nH]c3c(c2CCC(=O)O)CCCC3)cc1
258,CC(C)CN(C[C@@H](O)[C@H](Cc1ccccc1)NC(=O)O[C@H]1CCOC1)S(=O)(=O)c1ccc(N)cc1
259,Cc1cc(-n2cnc3ccc(N[C@@H](C)c4ncc(F)cn4)nc32)n[nH]1
260,CN(C[C@H]1COCCO1)S(=O)(=O)Nc1ccc2ccc3ncc(-c4cnn(C)c4)cc3c(=O)c2c1
261,CC(C)Oc1cc(-n2cnc3cnc(N[C@@H](C)c4ncc(F)cn4)nc32)n[nH]1
262,CC(C)[C@]12O[C@H]1[C@@H]1O[C@@]13[C@@]1(C)CCC4=C(COC4=O)[C@@H]1C[C@@H]1O[C@@]13[C@@H]2O
263,Cc1cccnc1CN1CCC2(CC1)C(=O)N(c1ccc(-c3ccccc3)cc1)C(=O)N2c1ccnc(=O)[nH]1
264,COc1cc(N2C(=O)N(c3ccc(-c4ccc(C(=O)N(C)C)cc4)cc3)C(=O)C23CCN(Cc2ncccc2C)CC3)ncn1
265,N#C[C@H]1CCOC[C@@H]1n1cc(C(N)=O)c(Nc2ccc([C@H](O)C(F)(F)F)cc2)n1
266,CC(C)NCC(O)COc1ccc(CCOCC2CC2)cc1
267,CN(C)C(=O)[C@]12C[C@H]1[C@@](C)(c1cc(/C=C(/F)c3ccc(Cl)cn3)cnc1F)N=C(N)S2
268,C#CCOc1cnc(/C(F)=C/c2cnc(F)c([C@@]3(C)N=C(N)S[C@@]4(C(=O)N5CCOCC5)C[C@H]43)c2)cn1
269,Cl.N[C@@H]1C[C@H]1c1ccc(NC(=O)c2cccc(N3CCOC3=O)c2)cc1
270,N[C@@H]1CCCN(c2ccccc2C=C2SC(O)=NC2=O)C1
271,O=C(/C=C/c1ccc(CN2CCCC(c3c(-c4ccccc4)[nH]c4ccccc34)C2)c(F)c1)NO
272,Cc1nn(C)c2sc(-c3cc(COC(C)(C)C(=O)O)nn3Cc3ccccc3Cl)cc12
273,CC(C)[C@H](NC(=O)[C@H]1NC(=O)[C@H](CO)NC(=O)[C@H](Cc2ccccc2)NC(=O)[C@H](NC(=O)[C@@H](N)Cc2ccc(O)cc2)C(C)(C)SSC1(C)C)C(=O)NCC(N)=O
274,O=P(O)(O)C(F)(F)c1ccc(CC(Cc2ccc(C(F)(F)P(=O)(O)O)c(Br)c2)(c2ccccc2)n2nnc3ccccc32)cc1
275,C=CCn1cc(O)n([C@H]2C[C@H](C(=O)NO)N(S(=O)(=O)c3ccc(OCCOC)cc3)C2)c1=O
276,Cn1cc(-c2ccc(Nc3nn([C@H]4COCC[C@@H]4C#N)cc3C(N)=O)cc2)cn1
277,O=C([C@@H]1C[C@H](n2cc(C3CC3)nn2)CN1C(=O)CCCc1ccccc1)N1CCCC1
278,Fc1cc(OC(F)(F)C(F)F)cc([C@@](Cc2ccccc2)(Nc2nc(C(F)(F)F)c(Br)s2)c2ccc(Cl)cn2)c1
279,C#C[C@H](C)Oc1cnc(/C(F)=C/c2ccc(F)c([C@@]3(C)N=C(N)S[C@@]4(S(C)(=O)=O)C[C@@H]34)c2)cn1
280,O=C(O)c1cccc(-c2nc(C(=O)CCCCCCc3ccccc3)no2)n1
281,NCCCC[C@@H]1NC(=O)[C@H](CO)NC(=O)[C@H](CO)NC(=O)[C@@H]2CSSC[C@@H](C(N)=O)NC(=O)[C@@H]3CSSC[C@H](NC(=O)[C@@H](N)CSSC[C@H](NC(=O)[C@H](Cc4c[nH]c5ccccc45)NC1=O)C(=O)N[C@@H](CCCN=C(N)N)C(=O)N[C@@H](CC(=O)O)C(=O)N[C@@H](Cc1cnc[nH]1)C(=O)N[C@@H](CO)C(=O)N[C@@H](CCCN=C(N)N)C(=O)N3)C(=O)N[C@H](CC(N)=O)C(=O)N2
282,C[C@@H](Oc1cc(-n2cnc3cc(-c4ccnc(NCCN(C)C)c4)ccc32)sc1C(N)=O)c1ccccc1C(F)(F)F
283,Cc1n[nH]c2ccc(-c3cncc(OC[C@@H](N)Cc4ccccc4)c3)cc12
284,CC[C@@H](O)C[C@H]1CCC[C@@]2(C[C@@H]3OC(=O)/C=C/[C@@](C)(O)[C@@H](O)[C@H](C)[C@@H](O)[C@H](OC4CCC(N(C)C)C(C)O4)[C@@H](O)[C@](C)(O)CCCCC/C=C\[C@@H]4CC(C)(C)O[C@@]4(O)C[C@H](O2)[C@H]3C)O1
285,C#Cc1ccc(/C(F)=C/c2ccc(F)c([C@@]3(C)N=C(N)S[C@@]4(C(=O)N5CCOCC5)C[C@H]43)c2)nc1
