SMILES,Score
Cc1cc(F)ccc1-c1cc(C2CCC(CC(=O)O)CC2)ncc1N(C)C(=O)C(C)(CO)c1cc(C(F)(F)F)cc(C(F)(F)F)c1,0.9990776777267456
CC(C)C[C@H](NC(=O)[C@H](Cc1c(F)c(F)c(F)c(F)c1F)NC(=O)[C@H](Cc1ccccc1)NC(=O)[C@H](Cc1ccccc1)N=[N+]=[N-])C(=O)[C@@]1(C)CO1,0.9980781078338623
Cc1cc(C)nc(O[C@H](C(=O)O)[C@@]2(c3cccc(-c4ccccc4)c3)NCC(=O)N(Cc3c(F)cc(F)cc3F)c3ccccc32)n1,0.9979660511016846
COC[C@@]12SC(N)=N[C@](C)(c3cc(/C=C(\F)c4ccc(C#N)cn4)ccc3F)[C@@H]1C2(F)F,0.9975711703300476
C[C@]1(c2cc(/C=C(\F)c3ccc(Cl)cn3)ccc2F)N=C(N)S[C@@]2(C(=O)Nc3ccccc3)C[C@H]21,0.9975342750549316
