SMILES,Score
O=C(N[C@@H]1CC(O)C[C@H]1OC(=O)c1cc(O)c(C(=O)c2c(O)cccc2C(=O)O)c(O)c1)c1ccc(O)cc1,0.9861792325973511
O=C(N[C@H]1C[C@@H](O)C[C@H]1OC(=O)c1cc(O)c(C(=O)c2c(O)cccc2C(=O)O)c(O)c1)c1ccc(O)cc1,0.984736979007721
Cc1cc2c(NC(=O)N[C@@H]3CC(C)(C)Oc4cc(F)ccc43)cccc2cn1,0.98381108045578
O=C(N[C@H]1C[C@@H](CO)C[C@H]1OC(=O)c1cc(O)c(C(=O)c2c(O)cccc2C(=O)O)c(O)c1)c1ccc(O)cc1,0.9817744493484497
O=C(N[C@H]1C[C@H](O)C[C@H]1OC(=O)c1cc(O)c(C(=O)c2c(O)cccc2C(=O)O)c(O)c1)c1ccc(O)cc1,0.9810962080955505
