SMILES,Score
CN(C)C(=O)[C@@H](c1ccc(C2=CN3N=CNC3C=C2)cc1)[C@H](N)C(=O)N1CC[C@H](F)C1,0.8463093638420105
COc1c(NC(=O)Nc2ccc(Oc3ccnc(Nc4ccccc4)c3)c3ccccc23)cc(C(C)(C)C)cc1C(=O)NC1COC1,0.840231716632843
CC1=C(C(=O)Nc2ccc3[nH]ncc3c2)C(c2ccc(F)c(C(=O)NCCc3ccncc3)c2)NC(=O)N1,0.8311741948127747
Cc1ccccc1C(=O)N[C@H](CO)C(=O)N[C@@H](C)C(=O)NC(Cc1ccc(N=C(N)N)cc1)P(=O)(Oc1ccccc1)Oc1ccccc1,0.8279247283935547
Cc1cccc(C(=O)N[C@H](CO)C(=O)N[C@@H](C)C(=O)NC(Cc2ccc(N=C(N)N)cc2)P(=O)(Oc2ccccc2)Oc2ccccc2)c1,0.8212178945541382
