SMILES,Score
O=C(N[C@H]1C[C@@H](O)C[C@H]1OC(=O)c1cc(O)c(C(=O)c2c(O)cccc2C(=O)O)c(O)c1)c1ccc(O)cc1,0.9707803130149841
CC(C)COC(=O)c1cccc(O)c1C(=O)c1c(O)cc(C(=O)O[C@@H]2CNC[C@H]2NC(=O)c2ccc(O)cc2)cc1O,0.968715488910675
O=C(N[C@@H]1CC(O)C[C@H]1OC(=O)c1cc(O)c(C(=O)c2c(O)cccc2C(=O)O)c(O)c1)c1ccc(O)cc1,0.9681403636932373
O=C(NC1CN2CCC(CC2)[C@@H]1OC(=O)c1cc(O)c(C(=O)c2c(O)cccc2C(=O)O)c(O)c1)c1ccc(O)cc1,0.956852912902832
CC(C)N1CCN(S(=O)(=O)c2ccc(NC(=O)c3ccc(C(F)(F)F)cc3[N+](=O)[O-])cc2)CC1,0.956679105758667
