SMILES,Score
CN[C@@H](C)C(=O)N[C@H]1CN(C(=O)c2ccc(C(=O)N3C[C@H](NC(=O)[C@H](C)NC)C(=O)N(Cc4c(OC)ccc5c(Br)cccc45)c4ccccc43)cc2)c2ccccc2N(Cc2c(OC)ccc3c(Br)cccc23)C1=O,0.886724054813385
CN[C@@H](C)C(=O)N[C@H]1CN(C(=O)c2cccc(C(=O)N3C[C@H](NC(=O)[C@H](C)NC)C(=O)N(Cc4c(OC)ccc5cc(Br)ccc45)c4ccccc43)n2)c2ccccc2N(Cc2c(OC)ccc3cc(Br)ccc23)C1=O,0.8839133977890015
CC1=C(C(=O)Nc2ccc3[nH]ncc3c2)C(c2ccc(F)c(C(=O)NCCc3ccncc3)c2)NC(=O)N1,0.8654499053955078
COc1ccc(CNC(=O)c2cc(C3NC(=O)NC(C)=C3C(=O)Nc3ccc4[nH]ncc4c3)ccc2F)cc1,0.8646802306175232
CC1=C(C(=O)Nc2ccc3[nH]ncc3c2)C(c2ccc(F)c(C(=O)NCCc3ccccn3)c2)NC(=O)N1,0.8488257527351379
