SMILES,Score
CN[C@@H]1C[C@H]2O[C@@](C)([C@@H]1OC)n1c3ccccc3c3c4c(c5c6ccccc6n2c5c31)C(=O)NC4,0.9916724562644958
CN[C@@H](C)C(=O)N[C@H]1CN(C(=O)C2CCOCC2)c2cc(C(F)(F)F)ccc2N(Cc2c(C3CC3)cnc3ccccc23)C1=O,0.9899613857269287
CN[C@@H](C)C(=O)N[C@H]1CN(C(=O)CC2CCOCC2)c2ccccc2N(Cc2c(OC)ccc3c(Br)cccc23)C1=O,0.9880746006965637
CN[C@@H](C)C(=O)N[C@@H]1C(=O)N(Cc2c(OC)ccc3ccccc23)c2ccc(C#N)cc2N(C(=O)C2CCOCC2)[C@H]1C,0.9835890531539917
N#Cc1ccc(Cn2cncc2CN(CCc2ccccc2)[C@H]2CCN(Cc3ccccc3)C2=O)cc1,0.9827766418457031
