SMILES,Score
CN[C@@H](C)C(=O)Nc1ccc(-c2c(-c3cnc(C)nc3)nc3cc(C)ccn23)c(C#Cc2ccc3c(C)nccc3c2)n1,0.995303750038147
CN[C@@H](C)C(=O)Nc1ccc(-c2c(-c3cnn(C)c3)nc3cc(C)ccn23)c(C#Cc2ccc3c(C)nccc3c2)n1,0.9942469596862793
CN[C@@H](C)C(=O)Nc1ccc(-c2c(-c3cnc(C)nc3)nc3cc(C)ccn23)c(C#Cc2ccc3c(ccc(=O)n3C)c2)n1,0.9929090738296509
CN[C@@H](C)C(=O)Nc1ccc(-c2c(-c3ccc(C)nc3)nc3cc(C)ccn23)c(C#Cc2ccc3c(C)nccc3c2)n1,0.9924570322036743
CN[C@@H](C)C(=O)Nc1ccc(-c2c(-c3ccnc(C)c3)nc3cc(C)ccn23)c(C#Cc2ccc3c(C)nccc3c2)n1,0.9924374222755432
