SMILES,Score
CC[C@@H](C)[C@@H]1NC(=O)[C@@H](Cc2c[nH]c3ccccc23)NC(=O)[C@@H]2CCCN2C(=O)[C@@H](Cc2cnc[nH]2)N(C)C(=O)[C@@H]2CCCCN2C(=O)[C@H]2CCCCN2C1=O,0.993756890296936
CCOc1ccc(C[C@H]2NC(=O)CCSSC[C@@H](C(=O)N3CCC[C@H]3C(=O)N[C@@H](CCCN)C(=O)NCC(N)=O)NC(=O)[C@H](CC(N)=O)NC(=O)[C@H]([C@@H](C)O)NC(=O)[C@H]([C@@H](C)CC)NC2=O)cc1,0.9932603240013123
CC[C@H](C)[C@H](NC(=O)C[C@H](O)[C@H](CC(C)C)NC(=O)[C@H](Cc1c[nH]cn1)NC(=O)[C@H](Cc1ccccc1)NC(=O)[C@@H]1CCCN1C(=O)[C@H](Cc1c[nH]cn1)NC(=O)[C@@H]1CCCN1)C(=O)N[C@@H](Cc1c[nH]cn1)C(=O)N[C@@H](CCCCN)C(=O)O,0.9930069446563721
N#Cc1cc(-c2ncnc(Nc3ccc(N4CCN(C5COC5)CC4)cc3)n2)ccc1OC1CCN(C(=O)c2ccc[nH]2)CC1,0.9915100336074829
CN[C@@H](C)C(=O)N[C@@H]1C(=O)N(Cc2nn(-c3ccccc3C#N)c3ccccc23)c2ccccc2N(C(=O)C2CCOCC2)[C@H]1C,0.9898163080215454
