SMILES,Score
CN[C@@H]1C[C@H]2O[C@@](C)([C@@H]1OC)n1c3ccccc3c3c4c(c5c6ccccc6n2c5c31)C(=O)NC4,0.9695303440093994
CCCCCCOC(=O)[C@]1(O)C[C@@H]2O[C@@]1(C)n1c3ccccc3c3c4c(c5c6ccccc6n2c5c31)C(=O)NC4,0.9535481333732605
CN[C@@H](C)C(=O)N[C@@H]1C(=O)N(Cc2c(C3CC3)cnc3ccccc23)c2ccccc2N(C(=O)c2ccc(C(C)=O)cc2)[C@H]1C,0.9276437163352966
O=C(N[C@H]1C[C@H](O)C[C@H]1OC(=O)c1cc(O)c(C(=O)c2c(O)cccc2C(=O)O)c(O)c1)c1ccc(O)cc1,0.9251841902732849
Cn1cc(C2=C(c3cn(C4CCN(Cc5ccccc5)C4)c4ccccc34)C(=O)NC2=O)c2ccccc21,0.9002300500869751
