SMILES,Score
C[C@H](O)C(=O)N1CC(F)C(Oc2ccc(-c3ncnc(Nc4ccc(N5CCN(C6COC6)CC5)cc4)n3)cc2C#N)C(C)(C)C1,0.9844868779182434
CC(=O)O[C@@]12CO[C@@H]1C[C@H](O)[C@@]1(C)C(=O)[C@H](O)C3=C(C)[C@@H](OC(=O)[C@H](O)[C@@H](NC(=O)OC(C)(C)C)c4ccccc4)C[C@@](O)([C@@H](OC(=O)c4ccccc4)[C@@H]12)C3(C)C,0.9832559823989868
CN[C@@H](C)C(=O)N[C@@H]1C(=O)N(Cc2c(OC)ccc3ccccc23)c2ccc(C#N)cc2N(C(=O)C2CCOCC2)[C@H]1C,0.9800845980644226
CN(C)C(=O)[C@@H](C1CCC(N(C)C(=O)c2cccc(F)c2)CC1)[C@H]([NH3+])C(=O)N1CC[C@H](F)C1,0.9780418276786804
Cc1nc2c(C)cc(-c3[nH]c4ccc(C5CCN(C(=O)[C@@H]6[C@H](O)CCN6C(=O)OC(C)(C)C)CC5)cc4c3C(C)C)cn2n1,0.9758821725845337
