SMILES,Score
COc1ccc(OC)c(S(=O)(=O)N2CCC(N(Cc3ccc4ccc(C(=N)N)cc4c3)S(=O)(=O)CC(=O)O)CC2)c1,0.9596155881881714
O=C(N[C@H]1C[C@H](O)C[C@H]1OC(=O)c1cc(O)c(C(=O)c2c(O)cccc2C(=O)O)c(O)c1)c1ccc(O)cc1,0.9538640975952148
O=C(NC1CN2CCC(CC2)[C@@H]1OC(=O)c1cc(O)c(C(=O)c2c(O)cccc2C(=O)O)c(O)c1)c1ccc(O)cc1,0.9516265392303467
O=C(O[C@@H]1CCC[C@H]1Cc1ccc(O)cc1)c1cc(O)c(C(=O)c2c(O)cccc2C(=O)O)c(O)c1,0.9495871067047119
COC(=O)c1cccc(O)c1C(=O)c1c(O)cc(C(=O)O[C@@H]2CCC[C@H]2Cc2ccc(O)cc2)cc1O,0.9483053684234619
