SMILES,Score
CN[C@@H](C)C(=O)N[C@H]1CN(C(=O)C2CCOCC2)c2cc(C(F)(F)F)ccc2N(Cc2c(C3CC3)cnc3ccccc23)C1=O,0.9891352653503418
CN[C@@H](C)C(=O)N[C@H]1CN(C(=O)CC2CCOCC2)c2ccccc2N(Cc2c(OC)ccc3c(Br)cccc23)C1=O,0.9875348806381226
CN[C@@H](C)C(=O)N[C@H]1CN(C(=O)CC23CC4CC(CC(C4)C2)C3)c2ccccc2N(Cc2c(OC)ccc3cc(Br)ccc23)C1=O,0.985521137714386
CN[C@@H](C)C(=O)N[C@H]1CN(C(=O)C23CC4CC(CC(C4)C2)C3)c2ccccc2N(Cc2c(OC)ccc3cc(Br)ccc23)C1=O,0.9824230670928955
CN[C@@H](C)C(=O)N[C@@H]1C(=O)N(Cc2c(C3CC3)cnc3ccccc23)c2ccccc2N(C(=O)C2CCOCC2)[C@H]1C,0.9808634519577026
