SMILES,Score
CN[C@@H](C)C(=O)N[C@@H]1C(=O)N(Cc2c(OC)ccc3ccccc23)c2ccc(C#N)cc2N(C(=O)C2CCOCC2)[C@H]1C,0.9980454444885254
CN[C@@H](C)C(=O)N[C@@H]1C(=O)N(Cc2c(OC)ccc3cc(Br)ccc23)c2ccccc2N(C(=O)C2CCOCC2)[C@H]1C,0.9980443716049194
CN[C@@H](C)C(=O)N[C@@H]1C(=O)N(Cc2c(OC)ccc3c(Br)cccc23)c2ccccc2N(C(=O)C2CCOCC2)[C@H]1C,0.9979972243309021
CN[C@@H](C)C(=O)N[C@H]1CN(C(=O)C2CCOCC2)c2cc(C(F)(F)F)ccc2N(Cc2c(C3CC3)cnc3ccccc23)C1=O,0.9972571730613708
CN[C@@H](C)C(=O)N[C@@H]1C(=O)N(Cc2c(OC)ccc3ccccc23)c2ccccc2N(C(=O)C2CCOCC2)[C@H]1C,0.9969622492790222
