SMILES,Score
O=C(N[C@H]1C[C@@H](O)C[C@H]1OC(=O)c1cc(O)c(C(=O)c2c(O)cccc2C(=O)O)c(O)c1)c1ccc(O)cc1,0.9419137835502625
O=C(N[C@@H]1CC(O)C[C@H]1OC(=O)c1cc(O)c(C(=O)c2c(O)cccc2C(=O)O)c(O)c1)c1ccc(O)cc1,0.9366514086723328
O=C(N[C@H]1C[C@H](O)C[C@H]1OC(=O)c1cc(O)c(C(=O)c2c(O)cccc2C(=O)O)c(O)c1)c1ccc(O)cc1,0.9200426936149597
O=C(N[C@@H]1C[C@@H](O)C[C@H]1OC(=O)c1cc(O)c(C(=O)c2c(O)cccc2C(=O)O)c(O)c1)c1ccc(O)cc1,0.9003562331199646
O=C(N[C@H]1C[C@@H](CO)C[C@H]1OC(=O)c1cc(O)c(C(=O)c2c(O)cccc2C(=O)O)c(O)c1)c1ccc(O)cc1,0.8788354992866516
