SMILES,Score
N#CC(C#N)=C1C(=O)N(Cc2ccc(OCCF)cc2)c2ccc(S(=O)(=O)N3CC[C@H]3COc3cccnc3)cc21,0.994305431842804
C[C@H](O)C(=O)N1CC(Oc2ccc(-c3ncnc(Nc4ccc(N5CCN(C6COC6)CC5)cc4)n3)cc2C#N)C(F)(F)C1,0.9923588633537292
COC[C@@H]1CCCN1S(=O)(=O)c1ccc2c(c1)C(=O)C(=O)N2Cc1ccc(OCC(O)CF)cc1,0.9919589757919312
N#CC(C#N)=C1C(=O)N(Cc2ccc(O)cc2)c2ccc(S(=O)(=O)N3CCC[C@H]3COc3cccnc3)cc21,0.9902830123901367
COc1cc(Nc2ncnc(-c3ccc(O[C@H]4CCN(C(=O)[C@@H](O)CO)CC4(F)F)c(C#N)c3)n2)ccc1N1CCN(C2COC2)CC1,0.9890878200531006
