SMILES,Score
CN[C@@H](C)C(=O)N[C@@H]1C(=O)N(Cc2c(C3CC3)cnc3ccccc23)c2ccccc2N(C(=O)c2ccc(C(C)=O)cc2)[C@H]1C,0.9820601940155029
CN[C@@H](C)C(=O)N[C@@H]1C(=O)N(Cc2c(OC)ccc3cc(Br)ccc23)c2ccccc2N(C(=O)c2ccc(C(C)=O)cc2)[C@H]1C,0.9810153245925903
CN[C@@H](C)C(=O)N[C@@H]1C(=O)N(Cc2c(OC)ccc3ccccc23)c2ccc(C#N)cc2N(C(=O)C2CCOCC2)[C@H]1C,0.9793487787246704
CN[C@@H](C)C(=O)N[C@@H]1C(=O)N(Cc2c(C3CC3)cnc3ccccc23)c2ccccc2N(C(C)=O)[C@H]1C,0.9789774417877197
CN[C@@H](C)C(=O)N[C@@H]1C(=O)N(Cc2c(OC)ccc3cc(Br)ccc23)c2ccccc2N(C(=O)C2CCOCC2)[C@H]1C,0.9768995642662048
