SMILES,Score
Cc1oc([C@@H](Cc2cn(C)c3ccccc23)NC(=O)[C@H](CC(C)C)OC(=O)NC2CCCCC2)nc1C(=O)O,0.9875512719154358
O=C(N[C@@H]1CC(O)C[C@H]1OC(=O)c1cc(O)c(C(=O)c2c(O)cccc2C(=O)O)c(O)c1)c1ccc(O)cc1,0.9841130375862122
COC(=O)N[C@@H]1CC(C)(C)c2ccc(Nc3nc(NCC(F)F)c4occc4n3)cc2NC1=O,0.9838144183158875
O=C(N[C@H]1C[C@@H](O)C[C@H]1OC(=O)c1cc(O)c(C(=O)c2c(O)cccc2C(=O)O)c(O)c1)c1ccc(O)cc1,0.9837943911552429
O=C(N[C@H]1C[C@@H](CO)C[C@H]1OC(=O)c1cc(O)c(C(=O)c2c(O)cccc2C(=O)O)c(O)c1)c1ccc(O)cc1,0.9812909364700317
