SMILES,Score
C[C@H](O)C(=O)N1CC(Oc2ccc(-c3ncnc(Nc4ccc(N5CCN(C6COC6)CC5)cc4)n3)cc2C#N)C(F)(F)C1,0.9961996674537659
C[C@H](O)C(=O)N1CC[C@@H](Oc2ccc(-c3ncnc(Nc4ccc(N5CCN(C6COC6)CC5)cc4)n3)cc2C#N)C(F)(F)C1,0.9956520199775696
C[C@H](O)C(=O)N1CCC(Oc2ccc(-c3ncnc(Nc4ccc(N5CCN(C6COC6)CC5)cc4)n3)cc2C#N)CC1,0.9951594471931458
COc1cc(Nc2ncnc(-c3ccc(OC4CCN(C(=O)[C@H](C)O)CC4)c(C#N)c3)n2)ccc1N1CCN(C2COC2)CC1,0.9943547248840332
N#Cc1cc(-c2ncnc(Nc3ccc(N4CCN(C5COC5)CC4)cc3)n2)ccc1OC1CCN(C(=O)c2ccc[nH]2)CC1,0.994278073310852
