SMILES,Score
CC(C)C[C@H](NC(=O)[C@H](Cc1c(F)c(F)c(F)c(F)c1F)NC(=O)[C@H](Cc1ccccc1)NC(=O)[C@H](Cc1ccccc1)N=[N+]=[N-])C(=O)[C@@]1(C)CO1,0.9926934242248535
Cc1cc(F)ccc1-c1cc(C2CCC(CC(=O)O)CC2)ncc1N(C)C(=O)C(C)(CO)c1cc(C(F)(F)F)cc(C(F)(F)F)c1,0.990058958530426
C=Cc1cc(Cl)cnc1C(=O)Nc1ccc(F)c([C@]2(C)CS(=O)(=O)C(C)(C)C(N)=N2)c1,0.9900575280189514
O=C(NC1CN2CCC(CC2)[C@@H]1OC(=O)c1cc(O)c(C(=O)c2c(O)cccc2C(=O)O)c(O)c1)c1ccc(O)cc1,0.9895066618919373
N#CC(C#N)=C1C(=O)N(Cc2ccc(O)cc2)c2ccc(S(=O)(=O)N3CCC[C@H]3COc3cccnc3)cc21,0.9889055490493774
