SMILES,Score
CN[C@@H]1C[C@H]2O[C@@](C)([C@@H]1OC)n1c3ccccc3c3c4c(c5c6ccccc6n2c5c31)C(=O)NC4,0.9933180809020996
CN[C@@H](C)C(=O)N[C@H](C(=O)N1C[C@@H]2C[C@H]1C(=O)N[C@@H](Cc1ccc3ccccc3c1)C(=O)N[C@H](C(=O)O)Cc1ccc(cc1)OCCCC[C@H]1C[C@@H](C(=O)N[C@@H](Cc3ccc4ccccc4c3)C(=O)N[C@H](NS(=O)(=O)C3CC3)Cc3ccc(cc3)OCc3cn2nn3)N(C(=O)[C@@H](NC(=O)[C@H](C)NC)C(C)(C)C)C1)C(C)(C)C,0.991226851940155
CN[C@@H](C)C(=O)N[C@H]1CN(C(=O)c2cccc(C(=O)N3C[C@H](NC(=O)[C@H](C)NC)C(=O)N(Cc4c(OC)ccc5cc(Br)ccc45)c4ccccc43)n2)c2ccccc2N(Cc2c(OC)ccc3cc(Br)ccc23)C1=O,0.9901043772697449
Cc1csc(C(=O)N[C@H]2CC[C@@H](NC(=O)c3cc(F)cnc3Oc3cccc(-c4ccc(CN5C[C@H](C)N[C@H](C)C5)cc4CN4CCOCC4)c3)CC2)n1,0.9884682297706604
CN[C@@H](C)C(=O)N[C@H]1CN(C(=O)c2ccc(C(=O)N3C[C@H](NC(=O)[C@H](C)NC)C(=O)N(Cc4c(OC)ccc5c(Br)cccc45)c4ccccc43)cc2)c2ccccc2N(Cc2c(OC)ccc3c(Br)cccc23)C1=O,0.9873669147491455
