SMILES,Score
O=C(N[C@@H]1CC(O)C[C@H]1OC(=O)c1cc(O)c(C(=O)c2c(O)cccc2C(=O)O)c(O)c1)c1ccc(O)cc1,0.9669104814529419
CCCCN(CCCC)C(=O)[C@@H]1OC(C(=O)O)=C[C@H](N=C(N)N)[C@H]1NC(C)=O,0.9665342569351196
O=NC(Cc1ccc(O)c(Br)c1)C(=O)NCCS,0.9629037976264954
C/C=C/CC(C)C(O)C1C(=O)NC(CC)C(=O)N(C)C(C)C(=O)N(CC)C(C(C)C)C(=O)NC(C(C)C)C(=O)N(C)C(CC(C)C)C(=O)NC(C)C(=O)NC(C)C(=O)N(C)C(CC(C)C)C(=O)N(C)C(CC(C)C)C(=O)N(C)C(C(C)C)C(=O)N1C,0.9615560173988342
C/C=C/C[C@@H](C)[C@@H](O)[C@H]1C(=O)N[C@@H](CC)C(=O)N(C)CC(=O)N(C)[C@@H](CC(C)C)C(=O)N[C@@H](C(C)C)C(=O)N(C)[C@@H](CC(C)C)C(=O)N[C@@H](C)C(=O)N[C@H](C)C(=O)N(C)[C@@H](CC(C)C)C(=O)N(C)[C@@H](CC(C)C)C(=O)N(C)[C@@H](C(C)C)C(=O)N1C,0.9584728479385376
