SMILES,Score
COc1ccc(C(=O)NCCO)cc1Nc1nccc(Oc2ccc(NC(=O)Nc3cc(C(C)(C)C)nn3-c3ccc(C)cc3)c3ccccc23)n1,0.9772764444351196
COc1ccc(-n2nc(C(C)C)cc2NC(=O)Nc2ccc(Oc3ccnc(Nc4cc(OC)cc(C(=O)NCCO)c4)n3)c3ccccc23)cc1,0.9736507534980774
CC1(C)C(N)=N[C@](C)(c2cc(Nc3nccc4cc(Cl)cnc34)ccc2F)[C@@H](F)S1(=O)=O,0.9723290205001831
CC(C)C[C@H](NC(=O)[C@H](Cc1c(F)c(F)c(F)c(F)c1F)NC(=O)[C@H](Cc1ccccc1)NC(=O)[C@H](Cc1ccccc1)N=[N+]=[N-])C(=O)[C@@]1(C)CO1,0.9688584208488464
COc1cccc(-n2nc(C(C)(C)C)cc2NC(=O)Nc2ccc(Oc3ccnc4[nH]c(=O)cnc34)cc2F)c1,0.9681205749511719
