SMILES,Score
C=CC(=O)Nc1ccc(S(=O)(=O)N2CCN(C(=O)OCc3cc(F)cc(F)c3)CC2)cc1,0.9019212126731873
CN[C@@H](C)C(=O)N[C@@H]1C(=O)N(Cc2nn(-c3ccccc3C#N)c3ccccc23)c2ccc(C#N)cc2N(C(=O)c2ccc(C#N)cc2)[C@H]1C,0.9006488919258118
O=C(NC1CN2CCC(CC2)[C@@H]1OC(=O)c1cc(O)c(C(=O)c2c(O)cccc2C(=O)O)c(O)c1)c1ccc(O)cc1,0.9005541801452637
CN[C@@H](C)C(=O)N[C@H]1CN(C(=O)c2cccc(C(=O)N3C[C@H](NC(=O)[C@H](C)NC)C(=O)N(Cc4c(OC)ccc5cc(Br)ccc45)c4ccccc43)n2)c2ccccc2N(Cc2c(OC)ccc3cc(Br)ccc23)C1=O,0.895868182182312
O=C(NC1CCN(Cc2ccc3ccc(=O)[nH]c3c2)CC1)c1cc(=O)c2ccc(F)cc2o1,0.8913732171058655
