SMILES,Score
C[C@@H]1CN(c2ccc(F)cc2C(F)(F)F)CCN1S(=O)(=O)c1ccc([C@@](C)(O)C(F)(F)F)s1,0.9397291541099548
O=C(N[C@H]1C[C@@H](O)C[C@H]1OC(=O)c1cc(O)c(C(=O)c2c(O)cccc2C(=O)O)c(O)c1)c1ccc(O)cc1,0.9317747950553894
CCS(=O)(=O)c1ccc(S(=O)(=O)NC)cc1Nc1cc(Nc2ccc(Cl)cn2)ncn1,0.9228529930114746
O=C(N[C@H]1C[C@H](O)C[C@H]1OC(=O)c1cc(O)c(C(=O)c2c(O)cccc2C(=O)O)c(O)c1)c1ccc(O)cc1,0.9121317863464355
O=P(O)(O)C(F)(F)c1ccc(CC(Cc2ccc(C(F)(F)P(=O)(O)O)cc2)(c2ccc(F)c(F)c2)n2nnc3ccccc32)cc1,0.9053201675415039
