SMILES,Score
CN[C@@H](C)C(=O)N[C@@H]1C(=O)N(Cc2c(C)ccc3ccccc23)c2ccc(C#N)cc2N(C(C)=O)[C@H]1C,0.9942066669464111
CN[C@@H](C)C(=O)N[C@@H]1C(=O)N(Cc2c(OC)ccc3cc(Br)ccc23)c2ccccc2N(C(=O)c2ccc(C#N)cc2)[C@H]1C,0.9925018548965454
CN[C@@H](C)C(=O)N[C@H]1CN(C(=O)c2ccc(C#N)cc2)c2cc(C#N)ccc2N(Cc2c(OC(F)F)ccc3ccccc23)C1=O,0.9912174940109253
CN(C)C(=O)[C@@H](c1ccc(-c2ccc3ncnn3c2)cc1)[C@H]([NH3+])C(=O)N1CC(F)C1,0.9904451370239258
CN[C@@H](C)C(=O)N[C@H]1CN(C(=O)c2ccc(C#N)cc2)c2cc(C#N)ccc2N(Cc2c(OC)ccc3cc(Br)ccc23)C1=O,0.9901963472366333
