SMILES,Score
COc1ccc(OC)c(S(=O)(=O)N2CCC(N(C/C=C/c3cccc(C(=N)N)c3)C(=O)CC(=O)O)CC2)c1,0.9930160045623779
COc1ccc(OC)c(S(=O)(=O)N2CCC(N(Cc3ccc4ccc(C(=N)N)cc4c3)C(=O)CC(=O)O)CC2)c1,0.9928646087646484
CNC(=O)c1ccc(-c2ccc(N3C(=O)N(c4cc(OC)ncn4)C4(CCN(Cc5ncccc5C)CC4)C3=O)cc2)cc1,0.9913111925125122
COc1cc(N2C(=O)N(c3ccc(-c4ccc(C(=O)N(C)C)cc4)cc3)C(=O)C23CCN(Cc2ncccc2C)CC3)ncn1,0.990196704864502
CC[C@@H](C)Oc1cc2c(cc1OC)CC(=O)N(c1ccc(N(C)CC3CCN(C(=O)N(C)C)CC3)cc1)C2c1ccc(Cl)cc1,0.9894245862960815
