SMILES,Score
CN[C@@H](C)C(=O)N[C@@H]1C(=O)N(Cc2c(C3CC3)cnc3ccccc23)c2ccccc2N(C(=O)C2CCOCC2)[C@H]1C,0.9912550449371338
CN[C@@H](C)C(=O)N[C@H]1CN(C(=O)CC23CC4CC(CC(C4)C2)C3)c2ccccc2N(Cc2c(OC)ccc3cc(Br)ccc23)C1=O,0.9864193797111511
CN[C@@H](C)C(=O)N[C@H]1CN(C(=O)c2ccc(C(=O)NCC3CCCCC3)cc2)c2ccccc2N(Cc2c(OC)ccc3cc(Br)ccc23)C1=O,0.9848853349685669
CN(C)C(=O)[C@@H](c1ccc(-c2ccc3ncnn3c2)cc1)[C@H]([NH3+])C(=O)N1CCC(F)(F)C1,0.9836876392364502
Cn1c2ccccc2c2c3c(c4c5ccccc5n(CCC#N)c4c21)CNC3=O,0.9835433959960938
