SMILES,Score
CN(C)C(=O)[C@@H](c1ccc(C2=CN3N=CNC3C=C2)cc1)[C@H](N)C(=O)N1CC[C@H](F)C1,0.9833272099494934
CC(C)[C@@H]1C(=O)N(S(C)(=O)=O)[C@@H]2CCN(C(=O)C3CN(CC(C)(C)C)C3)[C@@H]12,0.9794473648071289
CC(=O)N[C@H](C(=O)N[C@@H](CC(=O)O)C(=O)N[C@H](C(=O)N1CCc2cc(C)ccc2C1C(=O)N[C@H]1CC(=O)OC1O)C(C)C)C(C)C,0.9730368256568909
CN[C@@H](C)C(=O)N[C@@H]1C(=O)N(Cc2c(C)ccc3ccccc23)c2ccc(C#N)cc2N(C(C)=O)[C@H]1C,0.9707497954368591
CC(=O)N[C@@H]1[C@@H](N=C(N)N)C=C(C(=O)O)O[C@H]1[C@H](O)[C@H](O)CO,0.9703706502914429
