SMILES,Score
CN[C@@H](C)C(=O)N[C@@H]1C(=O)N(Cc2c(OC)ccc3c(Br)cccc23)c2ccccc2N(C(=O)CCOC)[C@H]1C,0.990212619304657
CN[C@@H]1C[C@H]2O[C@@](C)([C@@H]1OC)n1c3ccccc3c3c4c(c5c6ccccc6n2c5c31)C(=O)NC4,0.9892191290855408
CN[C@@H](C)C(=O)N[C@@H]1C(=O)N(Cc2c(OC)ccc3c(Br)cccc23)c2ccccc2N(C(=O)C2CCOCC2)[C@H]1C,0.9883323311805725
CC(C)Cn1c2ccc(Nc3ncccn3)cc2c2c3c(c4c(c21)CCc1nn(C)cc1-4)C(=O)NC3,0.9883233308792114
CN[C@@H](C)C(=O)N[C@@H]1C(=O)N(Cc2c(OC)ccc3cc(Br)ccc23)c2ccccc2N(C(=O)C2CCOCC2)[C@H]1C,0.9882442951202393
