SMILES,Score
CN[C@@H](C)C(=O)N[C@H]1CN(C(=O)CC23CC4CC(CC(C4)C2)C3)c2ccccc2N(Cc2c(OC)ccc3cc(Br)ccc23)C1=O,0.9991590976715088
Cc1nc(CC(=O)N2CCC(c3ccc4[nH]c(-c5cc(C(F)(F)F)c6ncnn6c5)c(C(C)C)c4c3)CC2)cs1,0.9990655779838562
Cc1cccnc1-c1c(-c2ccccn2)c([C@H](C)Nc2ncnc(N)c2C#N)nc2ccc(F)cc12,0.9990400671958923
COCc1cc(-c2[nH]c3ccc(C4CCN(CC(=O)N5C[C@H](C(F)(F)F)C[C@@H]5CO)CC4)cc3c2C(C)C)cn2ncnc12,0.9988858103752136
COCc1cc(-c2[nH]c3ccc(C4CCN(CC(=O)N5CCC(F)(F)C5)CC4)cc3c2C(C)C)cn2ncnc12,0.9988225102424622
