smiles,score
O=C(OC[C@H]1O[C@@H](OC(=O)c2cc(O)c(O)c(O)c2)[C@H](OC(=O)c2cc(O)c(O)c(O)c2)[C@@H](OC(=O)c2cc(O)c(O)c(O)c2)[C@@H]1OC(=O)c1cc(O)c(O)c(O)c1)c1cc(O)c(O)c(O)c1,[12.40377]
C[C@H]1[C@H](/C=C/c2ccc(-c3ccccc3C#N)cn2)[C@@H]2[C@@H](C)OC(=O)[C@]2(c2n[nH]c(=O)o2)CC1(F)F,[11.516275]
CN(C)C(=O)n1nnnc1Cc1ccc(-c2cccc(C(N)=O)c2)cc1,[10.933603]
C[C@H]1[C@H](/C=C/c2ccc(-c3cccc(F)c3)cn2)[C@@H]2[C@@H](C)OC(=O)[C@]2(c2n[nH]c(=O)o2)CC1(F)F,[10.776148]
CN(C)C(=O)n1nnnc1Cc1ccc(-c2cccc(CO)c2)cc1,[10.333005]
