smiles,score
CC(=O)N[C@@H](Cc1cnc[nH]1)C(=O)N[C@H](Cc1ccccc1)C(=O)N[C@@H](CCCNC(=N)N)C(=O)N[C@@H](Cc1c[nH]c2ccccc12)C(=O)NCCCOCCOCCOCCCNC(=O)COCC(=O)NCCCOCCOCCOCCCNC(=O)COCC(=O)N[C@@H](Cc1cnc[nH]1)C(=O)N[C@H](Cc1ccccc1)C(=O)N[C@@H](CCCNC(=N)N)C(=O)N[C@@H](Cc1c[nH]c2ccccc12)C(N)=O,[9.10697]
O=C(OC[C@H]1O[C@@H](OC(=O)c2cc(O)c(O)c(O)c2)[C@H](OC(=O)c2cc(O)c(O)c(O)c2)[C@@H](OC(=O)c2cc(O)c(O)c(O)c2)[C@@H]1OC(=O)c1cc(O)c(O)c(O)c1)c1cc(O)c(O)c(O)c1,[7.5725775]
CC(=O)N[C@@H](CCCCNC(=O)CSCCNC(=O)CCNC(=O)[C@H](O)C(C)(C)COP(=O)(O)OP(=O)(O)OC[C@H]1O[C@@H](n2cnc3c(N)ncnc32)[C@H](O)[C@@H]1OP(=O)(O)O)C(N)=O,[7.4178915]
C=C(N)NCCC[C@@H]1NC(=O)[C@@H]2CSSC[C@H](N)C(=O)N[C@H]3CSSC[C@@H](C(=O)O)NC(=O)[C@H](CSSC[C@H](NC(=O)[C@H](CC(N)=O)NC3=O)C(=O)N[C@@H](CO)C(=O)N[C@@H](CO)C(=O)N[C@@H](CCCCN)C(=O)N[C@@H](Cc3c[nH]c4ccccc34)C(=O)N2)NC(=O)[C@H](CCCNC(=N)N)NC(=O)[C@H](CO)NC(=O)[C@H](Cc2cnc[nH]2)NC(=O)[C@H](CC(=O)O)NC1=O,[7.3421683]
NCCCC[C@@H]1NC(=O)[C@H](CO)NC(=O)[C@H](CO)NC(=O)[C@@H]2CSSC[C@@H](C(N)=O)NC(=O)[C@@H]3CSSC[C@H](NC(=O)[C@@H](N)CSSC[C@H](NC(=O)[C@H](Cc4c[nH]c5ccccc45)NC1=O)C(=O)N[C@@H](CCCN=C(N)N)C(=O)N[C@@H](CC(=O)O)C(=O)N[C@@H](Cc1cnc[nH]1)C(=O)N[C@@H](CO)C(=O)N[C@@H](CCCN=C(N)N)C(=O)N3)C(=O)N[C@H](CC(N)=O)C(=O)N2,[7.110441]
