smiles,score
C=C(N)NCCC[C@@H]1NC(=O)[C@@H]2CSSC[C@H](N)C(=O)N[C@H]3CSSC[C@@H](C(=O)O)NC(=O)[C@H](CSSC[C@H](NC(=O)[C@H](CC(N)=O)NC3=O)C(=O)N[C@@H](CO)C(=O)N[C@@H](CO)C(=O)N[C@@H](CCCCN)C(=O)N[C@@H](Cc3c[nH]c4ccccc34)C(=O)N2)NC(=O)[C@H](CCCNC(=N)N)NC(=O)[C@H](CO)NC(=O)[C@H](Cc2cnc[nH]2)NC(=O)[C@H](CC(=O)O)NC1=O,[12.5213585]
NCCCC[C@@H]1NC(=O)[C@H](CO)NC(=O)[C@H](CO)NC(=O)[C@@H]2CSSC[C@@H](C(N)=O)NC(=O)[C@@H]3CSSC[C@H](NC(=O)[C@@H](N)CSSC[C@H](NC(=O)[C@H](Cc4c[nH]c5ccccc45)NC1=O)C(=O)N[C@@H](CCCN=C(N)N)C(=O)N[C@@H](CC(=O)O)C(=O)N[C@@H](Cc1cnc[nH]1)C(=O)N[C@@H](CO)C(=O)N[C@@H](CCCN=C(N)N)C(=O)N3)C(=O)N[C@H](CC(N)=O)C(=O)N2,[11.79311]
CC(=O)N[C@@H](Cc1cnc[nH]1)C(=O)N[C@H](Cc1ccccc1)C(=O)N[C@@H](CCCNC(=N)N)C(=O)N[C@@H](Cc1c[nH]c2ccccc12)C(=O)NCCCOCCOCCOCCCNC(=O)COCC(=O)NCCCOCCOCCOCCCNC(=O)COCC(=O)N[C@@H](Cc1cnc[nH]1)C(=O)N[C@H](Cc1ccccc1)C(=O)N[C@@H](CCCNC(=N)N)C(=O)N[C@@H](Cc1c[nH]c2ccccc12)C(N)=O,[11.227689]
NC[C@@H]1O[C@H](O[C@@H]2[C@@H](CO)O[C@@H](O[C@@H]3[C@@H](O)[C@H](N)C[C@H](N)[C@H]3O[C@H]3O[C@H](CN)[C@@H](O)[C@H](O)[C@H]3N)[C@@H]2O)[C@H](N)[C@@H](O)[C@@H]1O,[10.829752]
CC(=O)N[C@H]1[C@H](O[C@H]2[C@@H](O)[C@@H](NC(C)=O)[C@H](O[C@@H]3[C@@H](CO)[C@@H]4OC(N(C)C)=N[C@@H]4[C@H]3O)O[C@@H]2CO)O[C@H](CO)[C@@H](O)[C@H]1O,[10.565388]
