smiles,score
CC(C)ON([C@H](CCNC(=O)OCc1ccccc1)C(=O)NO)S(=O)(=O)c1ccc(-c2ccccc2)cc1,[13.154375]
CC(C)CN(C[C@@H](O)[C@H](Cc1ccccc1)NC(=O)O[C@H]1CCOC1)S(=O)(=O)c1ccc(N)cc1,[13.056292]
CC(C)[C@H](NC(=O)[C@H]1NC(=O)[C@H](CO)NC(=O)[C@H](Cc2ccccc2)NC(=O)[C@H](NC(=O)[C@@H](N)Cc2ccc(O)cc2)C(C)(C)SSC1(C)C)C(=O)NCC(N)=O,[12.421308]
C=C(N)NCCC[C@@H]1NC(=O)[C@@H]2CSSC[C@H](N)C(=O)N[C@H]3CSSC[C@@H](C(=O)O)NC(=O)[C@H](CSSC[C@H](NC(=O)[C@H](CC(N)=O)NC3=O)C(=O)N[C@@H](CO)C(=O)N[C@@H](CO)C(=O)N[C@@H](CCCCN)C(=O)N[C@@H](Cc3c[nH]c4ccccc34)C(=O)N2)NC(=O)[C@H](CCCNC(=N)N)NC(=O)[C@H](CO)NC(=O)[C@H](Cc2cnc[nH]2)NC(=O)[C@H](CC(=O)O)NC1=O,[11.982903]
CN[C@@H]1C[C@H]2O[C@@](C)([C@@H]1OC)n1c3ccccc3c3c4c(c5c6ccccc6n2c5c31)C(=O)NC4,[11.87881]
