smiles,score
CC(=O)N[C@@H](Cc1cnc[nH]1)C(=O)N[C@H](Cc1ccccc1)C(=O)N[C@@H](CCCNC(=N)N)C(=O)N[C@@H](Cc1c[nH]c2ccccc12)C(=O)NCCCOCCOCCOCCCNC(=O)COCC(=O)NCCCOCCOCCOCCCNC(=O)COCC(=O)N[C@@H](Cc1cnc[nH]1)C(=O)N[C@H](Cc1ccccc1)C(=O)N[C@@H](CCCNC(=N)N)C(=O)N[C@@H](Cc1c[nH]c2ccccc12)C(N)=O,[11.18108]
O=S1(=O)CCC2(CCC[C@@]3(S(=O)(=O)c4ccc(Cl)cc4)c4c(F)ccc(F)c4OC[C@@H]23)CC1,[10.300037]
O=P(O)(O)C(F)(F)c1ccc(C(c2ccc(-c3ccccc3-c3nnn[nH]3)cc2)C(c2ccccc2)n2nnc3ccccc32)cc1,[9.914946]
O=C(N[C@@H](CC1CCCCC1)C(=O)C(F)(F)C(=O)NCCN1CCOCC1)[C@H](Cc1cnc[nH]1)NC(=O)[C@H](Cc1ccccc1)NS(=O)(=O)N1CCOCC1,[9.822933]
N[C@@H](Cc1ccccc1)C(=O)N1CCN(c2nc(N3CCOCC3)nc(-n3c(C(F)F)nc4ccccc43)n2)CC1,[9.62048]
