smiles,score
C=C(N)NCCC[C@@H]1NC(=O)[C@@H]2CSSC[C@H](N)C(=O)N[C@H]3CSSC[C@@H](C(=O)O)NC(=O)[C@H](CSSC[C@H](NC(=O)[C@H](CC(N)=O)NC3=O)C(=O)N[C@@H](CO)C(=O)N[C@@H](CO)C(=O)N[C@@H](CCCCN)C(=O)N[C@@H](Cc3c[nH]c4ccccc34)C(=O)N2)NC(=O)[C@H](CCCNC(=N)N)NC(=O)[C@H](CO)NC(=O)[C@H](Cc2cnc[nH]2)NC(=O)[C@H](CC(=O)O)NC1=O,[11.461153]
C[C@H](NC(=O)[C@@H](CO)NS(=O)(=O)c1cccc2ccccc12)C(=O)NC(Cc1ccc(N=C(N)N)cc1)P(=O)(Oc1ccccc1)Oc1ccccc1,[11.352177]
C[C@H](NC(=O)[C@@H](CO)NS(=O)(=O)Cc1ccccc1)C(=O)NC(Cc1ccc(N=C(N)N)cc1)P(=O)(Oc1ccccc1)Oc1ccccc1,[11.10861]
C[C@H](NC(=O)[C@@H](CO)NS(=O)(=O)c1ccc(Br)cc1)C(=O)NC(Cc1ccc(N=C(N)N)cc1)P(=O)(Oc1ccccc1)Oc1ccccc1,[11.095528]
CC(=O)N[C@H]1[C@H](O[C@H]2[C@@H](O)[C@@H](NC(C)=O)[C@H](O[C@@H]3[C@@H](CO)[C@@H]4OC(N(C)C)=N[C@@H]4[C@H]3O)O[C@@H]2CO)O[C@H](CO)[C@@H](O)[C@H]1O,[10.989218]
