smiles,score
C=C(N)NCCC[C@@H]1NC(=O)[C@@H]2CSSC[C@H](N)C(=O)N[C@H]3CSSC[C@@H](C(=O)O)NC(=O)[C@H](CSSC[C@H](NC(=O)[C@H](CC(N)=O)NC3=O)C(=O)N[C@@H](CO)C(=O)N[C@@H](CO)C(=O)N[C@@H](CCCCN)C(=O)N[C@@H](Cc3c[nH]c4ccccc34)C(=O)N2)NC(=O)[C@H](CCCNC(=N)N)NC(=O)[C@H](CO)NC(=O)[C@H](Cc2cnc[nH]2)NC(=O)[C@H](CC(=O)O)NC1=O,[12.308525]
CC(=O)N[C@@H](CCCCNC(=O)CSCCNC(=O)CCNC(=O)[C@H](O)C(C)(C)COP(=O)(O)OP(=O)(O)OC[C@H]1O[C@@H](n2cnc3c(N)ncnc32)[C@H](O)[C@@H]1OP(=O)(O)O)C(N)=O,[11.086683]
NCCCC[C@@H]1NC(=O)[C@H](CO)NC(=O)[C@H](CO)NC(=O)[C@@H]2CSSC[C@@H](C(N)=O)NC(=O)[C@@H]3CSSC[C@H](NC(=O)[C@@H](N)CSSC[C@H](NC(=O)[C@H](Cc4c[nH]c5ccccc45)NC1=O)C(=O)N[C@@H](CCCN=C(N)N)C(=O)N[C@@H](CC(=O)O)C(=O)N[C@@H](Cc1cnc[nH]1)C(=O)N[C@@H](CO)C(=O)N[C@@H](CCCN=C(N)N)C(=O)N3)C(=O)N[C@H](CC(N)=O)C(=O)N2,[10.7787075]
CC(=O)N[C@H]1[C@H](O[C@H]2[C@@H](O)[C@@H](NC(C)=O)[C@H](O[C@@H]3[C@@H](CO)[C@@H]4OC(N(C)C)=N[C@@H]4[C@H]3O)O[C@@H]2CO)O[C@H](CO)[C@@H](O)[C@H]1O,[10.562574]
CC(C)C[C@@H](NC(=O)[C@@H](NC(=O)N[C@H](C(=O)O)C(C)C)[C@@H]1CCN=C(N)N1)C(=O)NCCCN[C@H](C(=O)O)[C@H](O[C@@H]1O[C@H](CN)[C@@H](O)[C@H]1O)[C@H]1O[C@@H](n2ccc(=O)[nH]c2=O)[C@H](O)[C@@H]1O,[10.311488]
