smiles,score
O=P(O)(O)C(F)(F)c1ccc(C(c2ccc(-c3ccccc3-c3nnn[nH]3)cc2)C(c2ccccc2)n2nnc3ccccc32)cc1,[10.759667]
CC(=O)NCCc1ccccc1-c1onc([C@H]2CNCC[C@]2(OCC(O)CO)c2ccc(F)c(F)c2)c1Br,[9.436138]
O=C(OC[C@H]1O[C@@H](OC(=O)c2cc(O)c(O)c(O)c2)[C@H](OC(=O)c2cc(O)c(O)c(O)c2)[C@@H](OC(=O)c2cc(O)c(O)c(O)c2)[C@@H]1OC(=O)c1cc(O)c(O)c(O)c1)c1cc(O)c(O)c(O)c1,[9.299479]
O=P(O)(O)C(F)(F)c1ccc(CC(CCCc2ccccc2)(c2ccccc2)n2nnc3ccccc32)cc1,[9.176073]
O=P(O)(O)C(F)(F)c1ccc(/C=C/CC(Cc2ccc(C(F)(F)P(=O)(O)O)cc2)(c2ccccc2)n2nnc3ccccc32)cc1,[9.073788]
