smiles,score
C=C(N)NCCC[C@@H]1NC(=O)[C@@H]2CSSC[C@H](N)C(=O)N[C@H]3CSSC[C@@H](C(=O)O)NC(=O)[C@H](CSSC[C@H](NC(=O)[C@H](CC(N)=O)NC3=O)C(=O)N[C@@H](CO)C(=O)N[C@@H](CO)C(=O)N[C@@H](CCCCN)C(=O)N[C@@H](Cc3c[nH]c4ccccc34)C(=O)N2)NC(=O)[C@H](CCCNC(=N)N)NC(=O)[C@H](CO)NC(=O)[C@H](Cc2cnc[nH]2)NC(=O)[C@H](CC(=O)O)NC1=O,[16.05611]
C[C@H](NC(=O)[C@@H](CO)NS(=O)(=O)c1ccc(Br)cc1)C(=O)NC(Cc1ccc(N=C(N)N)cc1)P(=O)(Oc1ccccc1)Oc1ccccc1,[14.095032]
C[C@H](NC(=O)[C@@H](CO)NS(=O)(=O)Cc1ccccc1)C(=O)NC(Cc1ccc(N=C(N)N)cc1)P(=O)(Oc1ccccc1)Oc1ccccc1,[12.964756]
CC(Cc1c[nH]c2ccccc12)(NC(=O)OC1[C@H]2C[C@@H]3C[C@@H](C[C@H]1C3)C2)C(=O)NCC[C@H](NC(=O)CCC(=O)O)c1ccccc1,[12.946787]
COc1ccc(S(=O)(=O)N[C@H](CO)C(=O)N[C@@H](C)C(=O)NC(Cc2ccc(N=C(N)N)cc2)P(=O)(Oc2ccccc2)Oc2ccccc2)cc1,[12.880052]
