smiles,score
O=C(OC[C@H]1O[C@@H](OC(=O)c2cc(O)c(O)c(O)c2)[C@H](OC(=O)c2cc(O)c(O)c(O)c2)[C@@H](OC(=O)c2cc(O)c(O)c(O)c2)[C@@H]1OC(=O)c1cc(O)c(O)c(O)c1)c1cc(O)c(O)c(O)c1,[19.399002]
C[C@H]1[C@H](/C=C/c2ccc(-c3cccc(F)c3)cn2)[C@@H]2[C@@H](C)OC(=O)[C@]2(c2n[nH]c(=O)o2)CC1(F)F,[13.771996]
O=S1(=O)CCC2(CCC[C@@]3(S(=O)(=O)c4ccc(Cl)cc4)c4c(F)ccc(F)c4OC[C@@H]23)CC1,[12.531472]
C[C@H]1[C@H](/C=C/c2ccc(-c3ccccc3C#N)cn2)[C@@H]2[C@@H](C)OC(=O)[C@]2(c2n[nH]c(=O)o2)CC1(F)F,[12.416345]
O=S(=O)(c1ccc(Cl)cc1)C12CCC[C@]3(CCN(S(=O)(=O)C(F)(F)F)C3)C1COc1c(F)ccc(F)c12,[12.3059435]
