smiles,score
FC(F)c1nc2ccccc2n1-c1nc(N2CCOCC2)nc(N2CCOCC2)n1,[8.8503]
N[C@@H](Cc1ccccc1)C(=O)N1CCN(c2nc(N3CCOCC3)nc(-n3c(C(F)F)nc4ccccc43)n2)CC1,[8.35074]
CN(C)CC(=O)N1CCC(c2nc(-c3cnc(N)c(-n4nnc5ccccc54)n3)n(C)n2)CC1,[7.934457]
C=C(N)NCCC[C@@H]1NC(=O)[C@@H]2CSSC[C@H](N)C(=O)N[C@H]3CSSC[C@@H](C(=O)O)NC(=O)[C@H](CSSC[C@H](NC(=O)[C@H](CC(N)=O)NC3=O)C(=O)N[C@@H](CO)C(=O)N[C@@H](CO)C(=O)N[C@@H](CCCCN)C(=O)N[C@@H](Cc3c[nH]c4ccccc34)C(=O)N2)NC(=O)[C@H](CCCNC(=N)N)NC(=O)[C@H](CO)NC(=O)[C@H](Cc2cnc[nH]2)NC(=O)[C@H](CC(=O)O)NC1=O,[7.7169237]
COC(=O)Nc1ccc(-c2[nH]c([C@@H]3C[C@H](C4CCN(S(C)(=O)=O)CC4)CN3C(=O)/C=C/c3cc(Cl)ccc3-n3cnnn3)nc2Cl)cc1,[7.593037]
