smiles,score
O=C(OC[C@H]1O[C@@H](OC(=O)c2cc(O)c(O)c(O)c2)[C@H](OC(=O)c2cc(O)c(O)c(O)c2)[C@@H](OC(=O)c2cc(O)c(O)c(O)c2)[C@@H]1OC(=O)c1cc(O)c(O)c(O)c1)c1cc(O)c(O)c(O)c1,[13.641426]
CC(=O)N[C@H]1[C@H](O[C@H]2[C@@H](O)[C@@H](NC(C)=O)[C@H](O[C@@H]3[C@@H](CO)[C@@H]4OC(N(C)C)=N[C@@H]4[C@H]3O)O[C@@H]2CO)O[C@H](CO)[C@@H](O)[C@H]1O,[11.598911]
C/C=C1/CC2[C@@H]1C[C@H](c1cc3c(cc1OC)C1CCN4C[C@H]5C[C@H](CC)[C@H]4[C@@](C(=O)OC)(C5)C1N3)c1[nH]c3ccccc3c1CC(NC)[C@H]2C(=O)OC,[8.881779]
C/C=C1\NC(=O)[C@@H](CS)NC(=O)[C@@H](C(C)C)CC(=O)C[C@@H](/C=C/CCS)OC(=O)[C@H](C(C)C)NC1=O,[8.124407]
C/C=C1/NC(=O)[C@@H](CS)NC(=O)[C@@H](C(C)C)NC(=O)C[C@@H](/C=C/CCS)OC(=O)[C@H](C(C)C)NC1=O,[8.010698]
