smiles,score
Cn1cc(-c2ccc(Nc3nn([C@H]4COCC[C@@H]4C#N)cc3C(N)=O)cc2)cn1,[15.2408]
N#C[C@H]1CCOC[C@@H]1n1cc(C(N)=O)c(Nc2ccc(C3CC3)cc2)n1,[13.6070175]
C=C(N)NCCC[C@@H]1NC(=O)[C@@H]2CSSC[C@H](N)C(=O)N[C@H]3CSSC[C@@H](C(=O)O)NC(=O)[C@H](CSSC[C@H](NC(=O)[C@H](CC(N)=O)NC3=O)C(=O)N[C@@H](CO)C(=O)N[C@@H](CO)C(=O)N[C@@H](CCCCN)C(=O)N[C@@H](Cc3c[nH]c4ccccc34)C(=O)N2)NC(=O)[C@H](CCCNC(=N)N)NC(=O)[C@H](CO)NC(=O)[C@H](Cc2cnc[nH]2)NC(=O)[C@H](CC(=O)O)NC1=O,[12.92848]
N#C[C@H](Cc1ccc(-c2ccc(C(N)=O)cc2)cc1F)NC(=O)[C@H]1N[C@H]2C[C@@H]1[C@@H]1C[C@H]21,[12.326257]
Cc1n[nH]c2ccc(-c3cc(OC[C@@H](N)Cc4c[nH]c5ccccc45)cnc3-c3ccoc3)cc12,[12.229581]
