smiles,score
CN[C@@H]1C[C@H]2O[C@@](C)([C@@H]1OC)n1c3ccccc3c3c4c(c5c6ccccc6n2c5c31)C(=O)NC4,[9.778966]
C[C@H](NC(=O)[C@@H](CO)NS(=O)(=O)c1ccc(Br)cc1)C(=O)NC(Cc1ccc(N=C(N)N)cc1)P(=O)(Oc1ccccc1)Oc1ccccc1,[8.078537]
O=P(O)(O)C(Cc1ccc2ccccc2c1)N[C@@H](Cc1ccc(-c2ccccc2)cc1)c1nnn[nH]1,[7.8651276]
C[C@H](NC(=O)[C@@H](CO)NS(=O)(=O)Cc1ccccc1)C(=O)NC(Cc1ccc(N=C(N)N)cc1)P(=O)(Oc1ccccc1)Oc1ccccc1,[7.591148]
COc1ccc(S(=O)(=O)N[C@H](CO)C(=O)N[C@@H](C)C(=O)NC(Cc2ccc(N=C(N)N)cc2)P(=O)(Oc2ccccc2)Oc2ccccc2)cc1,[7.5813723]
