smiles,score
C=C(N)NCCC[C@@H]1NC(=O)[C@@H]2CSSC[C@H](N)C(=O)N[C@H]3CSSC[C@@H](C(=O)O)NC(=O)[C@H](CSSC[C@H](NC(=O)[C@H](CC(N)=O)NC3=O)C(=O)N[C@@H](CO)C(=O)N[C@@H](CO)C(=O)N[C@@H](CCCCN)C(=O)N[C@@H](Cc3c[nH]c4ccccc34)C(=O)N2)NC(=O)[C@H](CCCNC(=N)N)NC(=O)[C@H](CO)NC(=O)[C@H](Cc2cnc[nH]2)NC(=O)[C@H](CC(=O)O)NC1=O,[16.449667]
C[C@@H](CN1[C@H](C)Cc2c([nH]c3ccccc23)[C@H]1c1c(Cl)ccc(OCCNCCCF)c1Cl)C(=O)O,[13.281479]
CC(=O)NCCc1ccccc1-c1onc([C@H]2CNCC[C@]2(OCC(O)CO)c2ccc(F)c(F)c2)c1Br,[13.239108]
CC[C@H](C)[C@H](NC(=O)[C@H](Cc1ccc(O)cc1)NC(=O)[C@H](Cc1cnc[nH]1)NC(=O)[C@H](CCCNC(=N)N)NC(C)=O)C(=O)N[C@@H](CC(N)=O)C(=O)N[C@H](C(=O)N[C@H](C(=O)N[C@H](C(=O)N[C@@H](CCCNC(=N)N)C(=O)N[C@@H](CCC(N)=O)C(=O)N[C@@H](CCCNC(=N)N)C(=O)N[C@@H](Cc1ccc(O)cc1)C(=O)O)[C@@H](C)O)C1CCCCC1)C1CCCCC1,[13.118471]
NCCCC[C@@H]1NC(=O)[C@H](CO)NC(=O)[C@H](CO)NC(=O)[C@@H]2CSSC[C@@H](C(N)=O)NC(=O)[C@@H]3CSSC[C@H](NC(=O)[C@@H](N)CSSC[C@H](NC(=O)[C@H](Cc4c[nH]c5ccccc45)NC1=O)C(=O)N[C@@H](CCCN=C(N)N)C(=O)N[C@@H](CC(=O)O)C(=O)N[C@@H](Cc1cnc[nH]1)C(=O)N[C@@H](CO)C(=O)N[C@@H](CCCN=C(N)N)C(=O)N3)C(=O)N[C@H](CC(N)=O)C(=O)N2,[13.01071]
