smiles,score
CC(=O)O[C@@]12CO[C@@H]1C[C@H](O)[C@@]1(C)C(=O)[C@H](O)C3=C(C)[C@@H](OC(=O)[C@H](O)[C@@H](NC(=O)OC(C)(C)C)c4ccccc4)C[C@@](O)([C@@H](OC(=O)c4ccccc4)[C@@H]12)C3(C)C,[11.33401]
CN1C(=O)c2c(nc(C#Cc3ccccc3)n2Cc2ccccc2)N2C1=N[C@@H]1CCC[C@@H]12,[10.728053]
O=P(O)(O)C(F)(F)c1ccc(CC(Cc2ccc(C(F)(F)P(=O)(O)O)c(Br)c2)(c2ccccc2)n2nnc3ccccc32)cc1,[10.552107]
O=C(OC[C@H]1O[C@@H](OC(=O)c2cc(O)c(O)c(O)c2)[C@H](OC(=O)c2cc(O)c(O)c(O)c2)[C@@H](OC(=O)c2cc(O)c(O)c(O)c2)[C@@H]1OC(=O)c1cc(O)c(O)c(O)c1)c1cc(O)c(O)c(O)c1,[10.399313]
O=P(O)(O)C(F)(F)c1ccc(CC(Cc2ccc(C(F)(F)P(=O)(O)O)cc2)(c2ccccc2)n2nnc3ccccc32)cc1,[9.359005]
