smiles,score
CC(=O)N[C@H]1[C@H](O[C@H]2[C@@H](O)[C@@H](NC(C)=O)[C@H](O[C@@H]3[C@@H](CO)[C@@H]4OC(N(C)C)=N[C@@H]4[C@H]3O)O[C@@H]2CO)O[C@H](CO)[C@@H](O)[C@H]1O,[17.486391]
CC(=O)O[C@@]12CO[C@@H]1C[C@H](O)[C@@]1(C)C(=O)[C@H](O)C3=C(C)[C@@H](OC(=O)[C@H](O)[C@@H](NC(=O)OC(C)(C)C)c4ccccc4)C[C@@](O)([C@@H](OC(=O)c4ccccc4)[C@@H]12)C3(C)C,[15.036871]
CC[C@@H](O)C[C@H]1CCC[C@@]2(C[C@@H]3OC(=O)/C=C/[C@@](C)(O)[C@@H](O)[C@H](C)[C@@H](O)[C@H](OC4CCC(N(C)C)C(C)O4)[C@@H](O)[C@](C)(O)CCCCC/C=C\[C@@H]4CC(C)(C)O[C@@]4(O)C[C@H](O2)[C@H]3C)O1,[14.443224]
COC(=O)[C@@H]1C[C@@H](OS(=O)(=O)c2ccccc2)CN1S(=O)(=O)c1ccccc1,[12.215767]
CC(C)[C@]12O[C@H]1[C@@H]1O[C@@]13[C@@]1(C)CCC4=C(COC4=O)[C@@H]1C[C@@H]1O[C@@]13[C@@H]2O,[12.1626]
