smiles,score
CN[C@@H]1C[C@H]2O[C@@](C)([C@@H]1OC)n1c3ccccc3c3c4c(c5c6ccccc6n2c5c31)C(=O)NC4,[13.659227]
C=C(N)NCCC[C@@H]1NC(=O)[C@@H]2CSSC[C@H](N)C(=O)N[C@H]3CSSC[C@@H](C(=O)O)NC(=O)[C@H](CSSC[C@H](NC(=O)[C@H](CC(N)=O)NC3=O)C(=O)N[C@@H](CO)C(=O)N[C@@H](CO)C(=O)N[C@@H](CCCCN)C(=O)N[C@@H](Cc3c[nH]c4ccccc34)C(=O)N2)NC(=O)[C@H](CCCNC(=N)N)NC(=O)[C@H](CO)NC(=O)[C@H](Cc2cnc[nH]2)NC(=O)[C@H](CC(=O)O)NC1=O,[12.423657]
Cc1n[nH]c2ccc(-c3cc(OC[C@@H](N)Cc4c[nH]c5ccccc45)cnc3-c3ccoc3)cc12,[11.378562]
C#CCOc1cnc(/C(F)=C/c2ccc(F)c([C@@]3(C)N=C(N)S[C@@]4(C(=O)N5[C@H]6COC[C@@H]5COC6)C[C@H]43)c2)cn1,[10.866892]
C[C@]1(c2cc(/C=C(\F)c3ccc(C#N)cn3)ccc2F)N=C(N)S[C@@]2(C(=O)N3CCCC(c4ccccc4)C3)C[C@H]21,[10.532394]
