smiles,score
CC(C)CC(=O)N[C@H](C(=O)N[C@H](C(=O)N[C@@H](CC(C)C)[C@@H](O)CC(=O)N[C@@H](C)C(=O)N[C@@H](CC(C)C)[C@@H](O)CC(=O)O)C(C)C)C(C)C,[8.089884]
C/C=C1\NC(=O)[C@@H](CS)NC(=O)[C@@H](C(C)C)CC(=O)C[C@@H](/C=C/CCS)OC(=O)[C@H](C(C)C)NC1=O,[7.6645174]
C/C=C1/NC(=O)[C@@H](CS)NC(=O)[C@@H](C(C)C)NC(=O)C[C@@H](/C=C/CCS)OC(=O)[C@H](C(C)C)NC1=O,[7.4345355]
CC(=O)N[C@H](C(=O)N[C@@H](CC(=O)O)C(=O)N[C@H](C(=O)N1CC[C@H](CC(C)(C)C)[C@H]1C(=O)N[C@H]1CC(=O)OC1O)C(C)C)C(C)C,[7.3695984]
CC[C@H](C)[C@H](NC(=O)[C@H](Cc1ccc(O)cc1)NC(=O)[C@H](Cc1cnc[nH]1)NC(=O)[C@H](CCCNC(=N)N)NC(C)=O)C(=O)N[C@@H](CC(N)=O)C(=O)N[C@H](C(=O)N[C@H](C(=O)N[C@H](C(=O)N[C@@H](CCCNC(=N)N)C(=O)N[C@@H](CCC(N)=O)C(=O)N[C@@H](CCCNC(=N)N)C(=O)N[C@@H](Cc1ccc(O)cc1)C(=O)O)[C@@H](C)O)C1CCCCC1)C1CCCCC1,[7.303817]
