smiles,score
CC(=O)N[C@H]1[C@H](O[C@H]2[C@@H](O)[C@@H](NC(C)=O)[C@H](O[C@@H]3[C@@H](CO)[C@@H]4OC(N(C)C)=N[C@@H]4[C@H]3O)O[C@@H]2CO)O[C@H](CO)[C@@H](O)[C@H]1O,[14.51881]
O=P(O)(O)C(F)(F)c1ccc(CC(CCCc2ccccc2)(c2ccccc2)n2nnc3ccccc32)cc1,[12.5130005]
O=C(OC[C@H]1O[C@@H](OC(=O)c2cc(O)c(O)c(O)c2)[C@H](OC(=O)c2cc(O)c(O)c(O)c2)[C@@H](OC(=O)c2cc(O)c(O)c(O)c2)[C@@H]1OC(=O)c1cc(O)c(O)c(O)c1)c1cc(O)c(O)c(O)c1,[12.352871]
CCOC(=O)c1nn(-c2ccccc2)/c(=N/c2nc(-c3ccccc3)cc(-c3ccccc3)c2C#N)s1,[12.244537]
O=P(O)(O)C(F)(F)c1ccc(CC(C/C=C/c2ccccc2)(c2ccccc2)n2nnc3ccccc32)cc1,[11.434336]
