smiles,score
CN[C@@H]1C[C@H]2O[C@@](C)([C@@H]1OC)n1c3ccccc3c3c4c(c5c6ccccc6n2c5c31)C(=O)NC4,[15.449953]
C=CC[C@H](NC(=O)[C@H](Cc1ccccc1)NC(=O)OC(C)(C)C)C(=O)N[C@@H](CC1CCCCC1)C(O)C(F)(F)C(=O)NCCN1CCOCC1,[12.732664]
C=CC[C@H](NC(=O)[C@@H](NS(=O)(=O)N1CCOCC1)C(O)c1ccccc1)C(=O)N[C@@H](CC1CCCCC1)C(O)C(F)(F)C(=O)NCCN1CCOCC1,[12.559515]
OCCOCCN1CCN(C2=Nc3ccccc3Sc3ccccc32)CC1,[12.337496]
C=C(N)NCCC[C@@H]1NC(=O)[C@@H]2CSSC[C@H](N)C(=O)N[C@H]3CSSC[C@@H](C(=O)O)NC(=O)[C@H](CSSC[C@H](NC(=O)[C@H](CC(N)=O)NC3=O)C(=O)N[C@@H](CO)C(=O)N[C@@H](CO)C(=O)N[C@@H](CCCCN)C(=O)N[C@@H](Cc3c[nH]c4ccccc34)C(=O)N2)NC(=O)[C@H](CCCNC(=N)N)NC(=O)[C@H](CO)NC(=O)[C@H](Cc2cnc[nH]2)NC(=O)[C@H](CC(=O)O)NC1=O,[11.55593]
