smiles,score
C[C@]1(c2cc(/C=C(\F)c3ccc(Br)cn3)ccc2F)N=C(N)S[C@@]2(C(=O)N3CCOCC3)C[C@H]21,[12.598754]
CN(C)C(=O)[C@]12C[C@H]1[C@@](C)(c1cc(/C=C(\F)C#Cc3ccccc3)ccc1F)N=C(N)S2,[12.436718]
CC(=O)O[C@@]12CO[C@@H]1C[C@H](O)[C@@]1(C)C(=O)[C@H](O)C3=C(C)[C@@H](OC(=O)[C@H](O)[C@@H](NC(=O)OC(C)(C)C)c4ccccc4)C[C@@](O)([C@@H](OC(=O)c4ccccc4)[C@@H]12)C3(C)C,[12.192624]
CC1(C)C(=O)N(c2ccc(C#N)c(C(F)(F)F)c2)C(=S)N1c1ccc(Cn2ccc3cc(/C=C/C(=O)NO)ccc32)c(F)c1,[11.927335]
C#Cc1ccc(/C(F)=C/c2ccc(F)c([C@@]3(C)N=C(N)S[C@@]4(C(=O)N5CCOCC5)C[C@H]43)c2)nc1,[11.87296]
