smiles,score
O=C1NC(Nc2ccccc2)=NC1=Cc1ccc2c(c1)OCO2,[12.826043]
O=C1NC(=O)C(CCO)(c2ccc(Oc3ccccc3)cc2)C(=O)N1,[12.228655]
CC1(c2ccc(Oc3ccccc3)cc2)C(=O)NC(=O)NC1=O,[11.821605]
O=C(Cc1ccc2ccccc2c1)NNC(=O)c1ccc([N+](=O)[O-])o1,[11.250183]
C=C(N)NCCC[C@@H]1NC(=O)[C@@H]2CSSC[C@H](N)C(=O)N[C@H]3CSSC[C@@H](C(=O)O)NC(=O)[C@H](CSSC[C@H](NC(=O)[C@H](CC(N)=O)NC3=O)C(=O)N[C@@H](CO)C(=O)N[C@@H](CO)C(=O)N[C@@H](CCCCN)C(=O)N[C@@H](Cc3c[nH]c4ccccc34)C(=O)N2)NC(=O)[C@H](CCCNC(=N)N)NC(=O)[C@H](CO)NC(=O)[C@H](Cc2cnc[nH]2)NC(=O)[C@H](CC(=O)O)NC1=O,[10.803464]
