smiles,score
C#Cc1ccc(/C(F)=C/c2ccc(F)c([C@@]3(C)N=C(N)S[C@@]4(C(=O)N5CCOCC5)C[C@H]43)c2)nc1,[13.389748]
C[C@]1(c2cc(/C=C(\F)c3ccc(C#CC4CC4)cn3)ccc2F)N=C(N)S[C@@]2(C(=O)N3CCOCC3)C[C@H]21,[12.9985695]
C=C(N)NCCC[C@@H]1NC(=O)[C@@H]2CSSC[C@H](N)C(=O)N[C@H]3CSSC[C@@H](C(=O)O)NC(=O)[C@H](CSSC[C@H](NC(=O)[C@H](CC(N)=O)NC3=O)C(=O)N[C@@H](CO)C(=O)N[C@@H](CO)C(=O)N[C@@H](CCCCN)C(=O)N[C@@H](Cc3c[nH]c4ccccc34)C(=O)N2)NC(=O)[C@H](CCCNC(=N)N)NC(=O)[C@H](CO)NC(=O)[C@H](Cc2cnc[nH]2)NC(=O)[C@H](CC(=O)O)NC1=O,[12.971233]
C[C@]1(c2cc(/C=C(\F)c3ccc(C#N)cn3)ccc2F)N=C(N)S[C@@]2(C(=O)N3CCCC(c4ccccc4)C3)C[C@H]21,[12.946719]
CN(C)C(=O)[C@]12C[C@H]1[C@@](C)(c1cc(/C=C(\F)c3ccc(C#N)cc3F)ccc1F)N=C(N)S2,[12.697726]
