smiles,score
C=C(N)NCCC[C@@H]1NC(=O)[C@@H]2CSSC[C@H](N)C(=O)N[C@H]3CSSC[C@@H](C(=O)O)NC(=O)[C@H](CSSC[C@H](NC(=O)[C@H](CC(N)=O)NC3=O)C(=O)N[C@@H](CO)C(=O)N[C@@H](CO)C(=O)N[C@@H](CCCCN)C(=O)N[C@@H](Cc3c[nH]c4ccccc34)C(=O)N2)NC(=O)[C@H](CCCNC(=N)N)NC(=O)[C@H](CO)NC(=O)[C@H](Cc2cnc[nH]2)NC(=O)[C@H](CC(=O)O)NC1=O,[11.634532]
CC(=O)O[C@@]12CO[C@@H]1C[C@H](O)[C@@]1(C)C(=O)[C@H](O)C3=C(C)[C@@H](OC(=O)[C@H](O)[C@@H](NC(=O)OC(C)(C)C)c4ccccc4)C[C@@](O)([C@@H](OC(=O)c4ccccc4)[C@@H]12)C3(C)C,[10.491064]
CCCCC/C=C\C/C=C\C/C=C\C/C=C\CCCC(=O)NCCO,[9.871739]
C[C@]1(c2cc(/C=C(\F)c3cnc(C#CC4CC4)cn3)ccc2F)N=C(N)S[C@@]2(C(=O)N3CCOCC3)C[C@H]21,[9.62066]
O=S1(=O)CCC2(CCC[C@@]3(S(=O)(=O)c4ccc(Cl)cc4)c4c(F)ccc(F)c4OC[C@@H]23)CC1,[9.520102]
