smiles,score
O=C(OC[C@H]1O[C@@H](OC(=O)c2cc(O)c(O)c(O)c2)[C@H](OC(=O)c2cc(O)c(O)c(O)c2)[C@@H](OC(=O)c2cc(O)c(O)c(O)c2)[C@@H]1OC(=O)c1cc(O)c(O)c(O)c1)c1cc(O)c(O)c(O)c1,[10.911952]
CN(C)C(=O)c1cc2cnc(Nc3ccc(C(=O)N4CC5CCC(C4)N5)cn3)nc2n1[C@@H]1C[C@H]2CC[C@@H]1C2,[10.191481]
CN(C)C(=O)c1cc2cnc(Nc3ccc(C(=O)N4CC5CCC(C4)N5)cn3)nc2n1[C@H]1C[C@@H]2CC[C@H]1C2,[10.191481]
CC(=O)N[C@H]1[C@H](O[C@H]2[C@@H](O)[C@@H](NC(C)=O)[C@H](O[C@@H]3[C@@H](CO)[C@@H]4OC(N(C)C)=N[C@@H]4[C@H]3O)O[C@@H]2CO)O[C@H](CO)[C@@H](O)[C@H]1O,[9.870818]
C[C@@]12CN(C(=O)Nc3ccnn3-c3ccccc3)CCN1C(=O)N([C@H]1C[C@@H]1c1ccccc1)C2=O,[9.718821]
