smiles,score
C=C(N)NCCC[C@@H]1NC(=O)[C@@H]2CSSC[C@H](N)C(=O)N[C@H]3CSSC[C@@H](C(=O)O)NC(=O)[C@H](CSSC[C@H](NC(=O)[C@H](CC(N)=O)NC3=O)C(=O)N[C@@H](CO)C(=O)N[C@@H](CO)C(=O)N[C@@H](CCCCN)C(=O)N[C@@H](Cc3c[nH]c4ccccc34)C(=O)N2)NC(=O)[C@H](CCCNC(=N)N)NC(=O)[C@H](CO)NC(=O)[C@H](Cc2cnc[nH]2)NC(=O)[C@H](CC(=O)O)NC1=O,[12.777592]
CC(Oc1cnc(/C(F)=C/c2ccc(F)c([C@@]3(C)N=C(N)S[C@@]4(C(=O)N(C)C)C[C@H]43)c2)cn1)c1ncco1,[12.02984]
C#C[C@H](C)Oc1cnc(/C(F)=C/c2ccc(F)c([C@@]3(C)N=C(N)S[C@@]4(S(C)(=O)=O)C[C@@H]34)c2)cn1,[11.916454]
CN1CCN(CCCN(C(=O)Nc2ccc(F)c(C(F)(F)F)c2)[C@@H]2CC[C@]3(c4ccc(C#N)cc4)C[C@H]23)CC1,[11.545729]
CC(C)Oc1cc(-n2cnc3cnc(N[C@@H](C)c4ncc(F)cn4)nc32)n[nH]1,[11.340008]
