smiles,score
CC(=O)O[C@@]12CO[C@@H]1C[C@H](O)[C@@]1(C)C(=O)[C@H](O)C3=C(C)[C@@H](OC(=O)[C@H](O)[C@@H](NC(=O)OC(C)(C)C)c4ccccc4)C[C@@](O)([C@@H](OC(=O)c4ccccc4)[C@@H]12)C3(C)C,[8.191028]
COCCOc1ccccc1N1CCN(C(=O)[C@]2(Oc3ccc(C(F)(F)F)cc3)CCCN(C(=O)c3cnccc3C(F)(F)F)[C@@H]2CC(O)CO)CC1.Cl,[7.28454]
C[C@H](c1ccccc1)N1C(=O)O[C@](Cc2ccccc2)(c2nnc(C3(c4ccccc4)CC3)o2)C1=O,[6.6788883]
C[C@]1(c2cc(/C=C(\F)c3cnc(C#CC4CC4)cn3)ccc2F)N=C(N)S[C@@]2(C(=O)N3CCOCC3)C[C@H]21,[6.5556755]
C[C@@]12CN(C(=O)Nc3ccnn3-c3ccccc3)CCN1C(=O)N([C@H]1C[C@@H]1c1ccccc1)C2=O,[6.523471]
