smiles,score
C=C(N)NCCC[C@@H]1NC(=O)[C@@H]2CSSC[C@H](N)C(=O)N[C@H]3CSSC[C@@H](C(=O)O)NC(=O)[C@H](CSSC[C@H](NC(=O)[C@H](CC(N)=O)NC3=O)C(=O)N[C@@H](CO)C(=O)N[C@@H](CO)C(=O)N[C@@H](CCCCN)C(=O)N[C@@H](Cc3c[nH]c4ccccc34)C(=O)N2)NC(=O)[C@H](CCCNC(=N)N)NC(=O)[C@H](CO)NC(=O)[C@H](Cc2cnc[nH]2)NC(=O)[C@H](CC(=O)O)NC1=O,[11.047819]
O=[N+]([O-])c1ccc2c(c1)CC(NCC1CCN(CCNS(=O)(=O)c3cccc4ccccc34)CC1)CCC2,[10.749308]
CN1CCN(c2ccc(C(=O)Nc3ccc([C@@H]4C[C@H]4N)cc3)cc2NC(=O)OCc2ccccc2)CC1.Cl.Cl,[9.66382]
NC(=O)[C@H](Cc1c[nH]c2ccccc12)NC(=O)[C@H](Cc1ccccc1)NC(=O)[C@@H]1CCCN1C(=O)[C@@H](N)Cc1ccc(O)cc1,[9.552067]
O=C(NCCNC(=O)c1ccc(-c2ccccc2)cc1)c1ccc(O[C@H]2C3CC4CC2C[C@](C(=O)O)(C4)C3)cc1,[9.330196]
