smiles,score
C[C@@H]1CC[C@@H](C)N1C(=O)[C@]12C[C@H]1[C@@](C)(c1cc(/C=C(\F)c3ccc(C#N)cn3)ccc1F)N=C(N)S2,[15.795519]
C[C@@H]1[C@H](F)CCN1C(=O)[C@]12C[C@H]1[C@@](C)(c1cc(/C=C(\F)c3ccc(C#N)cn3)ccc1F)N=C(N)S2,[15.434191]
C[C@H]1[C@@H](F)CCN1C(=O)[C@]12C[C@H]1[C@@](C)(c1cc(/C=C(\F)c3ccc(C#N)cn3)ccc1F)N=C(N)S2,[15.434189]
C#CCOc1cnc(/C(F)=C/c2ccc(F)c([C@@]3(C)N=C(N)S[C@]4(CO)[C@H]3C4(F)F)c2)cn1,[14.791635]
CC(=O)N1CCC(C(=O)N2C[C@H](c3ccc(F)cc3C)[C@@H](c3noc(C(C)(C)c4cc(C(F)(F)F)cc(C(F)(F)F)c4)n3)C2)CC1,[14.689762]
