smiles,score
C=C(N)NCCC[C@@H]1NC(=O)[C@@H]2CSSC[C@H](N)C(=O)N[C@H]3CSSC[C@@H](C(=O)O)NC(=O)[C@H](CSSC[C@H](NC(=O)[C@H](CC(N)=O)NC3=O)C(=O)N[C@@H](CO)C(=O)N[C@@H](CO)C(=O)N[C@@H](CCCCN)C(=O)N[C@@H](Cc3c[nH]c4ccccc34)C(=O)N2)NC(=O)[C@H](CCCNC(=N)N)NC(=O)[C@H](CO)NC(=O)[C@H](Cc2cnc[nH]2)NC(=O)[C@H](CC(=O)O)NC1=O,[12.314004]
CN(C)C(=O)n1nnnc1Cc1ccc(-c2cccc(C(N)=O)c2)cc1,[10.784435]
CN(Cc1ccc2ccccc2c1)C(=O)n1nnc(Cc2ccc(-c3ccccc3)cc2)n1,[10.367422]
CN(C)C(=O)n1nnnc1Cc1ccc(-c2cccc(O)c2)cc1,[10.280334]
CN(Cc1ccc2ccccc2c1)C(=O)n1nnnc1Cc1ccc(-c2ccccc2)cc1,[10.206645]
