smiles,score
C=C(N)NCCC[C@@H]1NC(=O)[C@@H]2CSSC[C@H](N)C(=O)N[C@H]3CSSC[C@@H](C(=O)O)NC(=O)[C@H](CSSC[C@H](NC(=O)[C@H](CC(N)=O)NC3=O)C(=O)N[C@@H](CO)C(=O)N[C@@H](CO)C(=O)N[C@@H](CCCCN)C(=O)N[C@@H](Cc3c[nH]c4ccccc34)C(=O)N2)NC(=O)[C@H](CCCNC(=N)N)NC(=O)[C@H](CO)NC(=O)[C@H](Cc2cnc[nH]2)NC(=O)[C@H](CC(=O)O)NC1=O,[14.065048]
CN(C)C(=O)[C@]12C[C@H]1[C@@](C)(c1cc(/C=C(\F)c3ccc(C#N)cc3F)ccc1F)N=C(N)S2,[12.978942]
C#Cc1ccc(/C(F)=C/c2ccc(F)c([C@@]3(C)N=C(N)S[C@@]4(C(=O)N(C)C)C[C@H]43)c2)nc1,[12.779327]
C[C@]1(c2cc(/C=C(\F)c3ccc(C#N)cn3)ccc2F)N=C(N)S[C@@]2(C(=O)N3CCCC(c4ccccc4)C3)C[C@H]21,[11.6948395]
CC1CC(C)CN(C(=O)[C@]23C[C@H]2[C@@](C)(c2cc(/C=C(\F)c4ccc(C#N)cn4)ccc2F)N=C(N)S3)C1,[11.116351]
