smiles,score
CC(=O)O[C@@]12CO[C@@H]1C[C@H](O)[C@@]1(C)C(=O)[C@H](O)C3=C(C)[C@@H](OC(=O)[C@H](O)[C@@H](NC(=O)OC(C)(C)C)c4ccccc4)C[C@@](O)([C@@H](OC(=O)c4ccccc4)[C@@H]12)C3(C)C,[11.833367]
CC(=O)N[C@H]1[C@H](O[C@H]2[C@@H](O)[C@@H](NC(C)=O)[C@H](O[C@@H]3[C@@H](CO)[C@@H]4OC(N(C)C)=N[C@@H]4[C@H]3O)O[C@@H]2CO)O[C@H](CO)[C@@H](O)[C@H]1O,[11.280663]
O=C(OC[C@H]1O[C@@H](OC(=O)c2cc(O)c(O)c(O)c2)[C@H](OC(=O)c2cc(O)c(O)c(O)c2)[C@@H](OC(=O)c2cc(O)c(O)c(O)c2)[C@@H]1OC(=O)c1cc(O)c(O)c(O)c1)c1cc(O)c(O)c(O)c1,[10.646684]
CN[C@@H]1C[C@H]2O[C@@](C)([C@@H]1OC)n1c3ccccc3c3c4c(c5c6ccccc6n2c5c31)C(=O)NC4,[10.603828]
O=S1(=O)CCC2(CCC[C@@]3(S(=O)(=O)c4ccc(Cl)cc4)c4c(F)ccc(F)c4OC[C@@H]23)CC1,[10.143449]
