smiles,score
CC(=O)N[C@H]1[C@H](O[C@H]2[C@@H](O)[C@@H](NC(C)=O)[C@H](O[C@@H]3[C@@H](CO)[C@@H]4OC(N(C)C)=N[C@@H]4[C@H]3O)O[C@@H]2CO)O[C@H](CO)[C@@H](O)[C@H]1O,[13.244266]
O=P(O)(O)C(F)(F)c1ccc(C(c2ccc(-c3ccccc3-c3nnn[nH]3)cc2)C(c2ccccc2)n2nnc3ccccc32)cc1,[12.583401]
C[C@H]1CN([C@H]2C[C@@H](C(=O)Nc3ccccc3)N(C(=O)/C=C/c3cc(Cl)ccc3-n3cnnn3)C2)CCN1S(N)(=O)=O,[12.451357]
O=C(Nc1ccccc1)[C@@H]1C[C@H](N2CCN(S(=O)(=O)c3ccccc3)CC2)CN1C(=O)/C=C/c1cc(Cl)ccc1-n1cnnn1,[12.284538]
Cc1nnc(C(C)C)n1[C@H]1C[C@@H]2CC[C@H](C1)N2CC[C@H](NC(=O)C1CCC(F)(F)CC1)c1ccccc1,[12.269661]
