smiles,score
CC(=O)N1CCC(C(=O)N2C[C@H](c3ccc(F)cc3C)[C@@H](c3noc(C(C)(C)c4cc(C(F)(F)F)cc(C(F)(F)F)c4)n3)C2)CC1,[14.531391]
O=C(NCC1(c2nc(-c3ccccc3)cs2)CCOCC1)c1cccc(-c2noc(C(F)(F)F)n2)c1,[14.405052]
CC(=O)N1CCC(C(=O)N2C[C@@H](c3nc(C(C)(C)c4cc(C(F)(F)F)cc(C(F)(F)F)c4)no3)[C@H](c3ccc(F)cc3C)C2)CC1,[14.392169]
CC(=O)N1CCC(C(=O)N2C[C@H](c3ccc(F)cc3C)[C@@H](c3nc(C(C)(C)c4cc(C(F)(F)F)cc(C(F)(F)F)c4)no3)C2)CC1,[14.392163]
C[C@H]1[C@H](/C=C/c2ccc(-c3ccccc3C#N)cn2)[C@@H]2[C@@H](C)OC(=O)[C@]2(c2n[nH]c(=O)o2)CC1(F)F,[13.493206]
