smiles,score
CN[C@@H]1C[C@H]2O[C@@](C)([C@@H]1OC)n1c3ccccc3c3c4c(c5c6ccccc6n2c5c31)C(=O)NC4,[12.983036]
O=C(OC[C@H]1O[C@@H](OC(=O)c2cc(O)c(O)c(O)c2)[C@H](OC(=O)c2cc(O)c(O)c(O)c2)[C@@H](OC(=O)c2cc(O)c(O)c(O)c2)[C@@H]1OC(=O)c1cc(O)c(O)c(O)c1)c1cc(O)c(O)c(O)c1,[12.548279]
CC1(C)C(=O)N(c2ccc(C#N)c(C(F)(F)F)c2)C(=S)N1c1ccc(Cn2ccc3cc(/C=C/C(=O)NO)ccc32)c(F)c1,[12.213961]
COc1ccc(CNC2=N[C@](C)(c3cc(/C=C(\F)c4ccc(C#N)cn4)ccc3F)[C@@H]3C(F)(F)[C@]3(CO)S2)cc1,[12.075965]
C[C@]1(c2cc(/C=C(\F)c3ccc(C#N)cn3)ccc2F)N=C(N)S[C@@]2(C(=O)N3CCCC(c4ccccc4)C3)C[C@H]21,[11.98531]
