smiles,score
N[C@@H]1CCCN(c2c(C=C3SC(O)=NC3=O)cccc2-c2ccccc2)C1,[10.7062645]
C[C@@H](O)[C@H](NC(=O)[C@H]1NC(=O)[C@H]([C@@H](C)O)NC(=O)[C@H](CCCN)NC(=O)[C@@H](Cc2c[nH]c3ccccc23)NC(=O)[C@H](Cc2ccc(O)cc2)NC(=O)[C@@H](NC(=O)[C@H](N)Cc2ccccc2)CSSC1(C)C)C(N)=O,[10.697557]
CN[C@H](Cc1ccccc1)C(=O)N1CCC[C@H]1C(=O)N[C@H](C=O)CCCN=C(N)N,[10.237465]
C=CCc1ccccc1OCC(O)CNC(C)C,[10.224165]
C=C(N)NCCC[C@@H]1NC(=O)[C@@H]2CSSC[C@H](N)C(=O)N[C@H]3CSSC[C@@H](C(=O)O)NC(=O)[C@H](CSSC[C@H](NC(=O)[C@H](CC(N)=O)NC3=O)C(=O)N[C@@H](CO)C(=O)N[C@@H](CO)C(=O)N[C@@H](CCCCN)C(=O)N[C@@H](Cc3c[nH]c4ccccc34)C(=O)N2)NC(=O)[C@H](CCCNC(=N)N)NC(=O)[C@H](CO)NC(=O)[C@H](Cc2cnc[nH]2)NC(=O)[C@H](CC(=O)O)NC1=O,[10.196083]
